item,count
J. Prop. Invest. Finan.,9
Sustainability,8
Corp. Real Est. J.,8
J. Eur. Real Estate Res.,7
IOP Conf. Ser. Earth Environ. Sci.,6
AIP Conf. Proc.,6
Prop. Manage.,6
Buildings,5
Lect. Notes Comput. Sci.,5
Springer Proc. Bus. Econ.,4
Digit. Geogr. Soc.,4
Geoforum,3
Lect. Notes Electr. Eng.,3
Manag. Prof.,3
"Intellect. Property Rights in Science, Technology, and Economic Perform.: International Comparisons",3
Urban Geogr.,3
Am. J. Public Health,3
Zidk. Krist. Prakt. Ispol'z.,2
Ogneupory,2
J. Risk. Financ. Manag.,2
Urban Book Ser.,2
"Proc. Int. Astronaut. Congr., IAC",2
Facilities,2
Environ. Plann. D Soc. Space,2
Nat. Biotechnol.,2
J. Real Estate Financ. Econ.,2
J. Green Eng.,2
Korean J. constr. eng. manag.,2
City,2
Urban Stud.,2
Microsyst Technol,2
J. Portf. Manage.,2
Trans. Inst. Br. Geogr.,2
ACM Int. Conf. Proc. Ser.,2
Refract. Ind. Ceram.,2
Smart Sustain. Built Environ.,2
J. Real Estate Res.,2
Lect. Notes Networks Syst.,2
Hous. Stud.,1
Applied AI and Blockchain in Global Real Estate,1
Gummi Asbest Kunstst,1
GIS Odyssey J.,1
Appl. Mech. Mater.,1
Cypriot J. Edu. Sci.,1
Stud. Syst. Decis. Control,1
Gradevinar,1
Metallurg,1
Structural Integr. Vek Konstr.,1
"Proc. Int. Conf. Big Data Econ. Inf. Manag., BDEIM",1
New Front. Reg. Sci. Asian Perspect.,1
J. Theor. Appl. Inf. Technol.,1
Cuad. Econ.,1
Manag. Res.,1
WSDM - Proc. ACM Int. Conf. Web Search Data Min.,1
"Handbook of Goldenberry (Physalis peruviana): Cultivation, Processing, Chemistry, and Functionality",1
Int. Conf. Op. Res. Enterp. Syst.,1
Finan. Res. Lett.,1
"METAL - Int. Conf. Metall. Mater., Conf. Proc.",1
Int. J. Econ. Financ. Issues,1
J. Policy Hist.,1
IET. Conf. Proc.,1
ACS Symp Ser,1
Prob Spets Electrometall,1
Bull Sci Technol Soc,1
Elgar Concise Encyclopedia of Artificial Intelligence and the Law,1
Hum. Technol.,1
Chin. J. Med. Sci. Res. Manag.,1
Plant Biotechnol. J.,1
Asian. Rev. Financial. Res.,1
PLoS ONE,1
Gases in Agro-food Processes,1
Adv. Mater. Res.,1
Int. J. Prof. Bus. Rev.,1
European Rev. Priv. Law,1
"Pap. Conf. Trade Show, PaperCon",1
ECMOR - Eur. Conf. Math. Oil Recovery,1
Manage. Decis.,1
Aibi. Rev. Investig. Adm. Ing.,1
Adv. Intell. Sys. Comput.,1
Bioprinting,1
J.  Logist. Inform.  Serv. Sci.,1
"Int. Conf. Laser Opt., ICLO - Proc.",1
Intellectual Property and Clean Energy: The Paris Agreem. and Climate Justice,1
J. Architectural Institute Korea,1
Eng. Sci. Technol. Int. J.,1
Explor. the use of metaverse in bus. and educ.,1
Artificial Intelligence: Law and Regulation,1
Compr. Rev. Food Sci. Food Saf.,1
Technol. Soc.,1
Int. J. Serv. Oper. Manage.,1
WIT Trans. Built Environ.,1
Constr Specifier,1
Journal of Corporate Real Estate,1
Qual. Access Success,1
A Research Agenda for Real Estate,1
IEEE Inter. Things Magazine,1
Int. J. Strateg. Prop. Manage.,1
J. Entrep. Manag. Innov.,1
Bus. Soc. Rev.,1
PropTech Innovations in Real Estate Invest. and Finance: Sustainable Futures,1
Borsa Istanb. Rev.,1
Can Conf Electr Comput Eng,1
Plann. Theory Prac.,1
Kuste,1
Int. J.Cuban Stud.,1
"IEEE Int. Smart Cities Conf.: Improv. Citizens Qual. Life, ISC2 - Proc.",1
Industria,1
"ICCREM : Decarbonization Digit. Built Environ.-Shap. Resil.  Chang. World, Proc. Int. Conf. Constr. Real Estate Manag.",1
Rethink. Real Estate: a Roadmap to Technol. Impact on the World’s Larg. Asset Cl.,1
"Ionic Liquids: Synthesis, Properties, Technologies and Applications",1
"Proc. Int. Bus. Inf. Manag. Assoc. Conf., IBIMA: Educ. Excell. Innov. Manag. Vis.",1
Inorg. Mater.: Appl. Res.,1
Betonwerk Fertigteil Tech,1
Int. Rev. Financ. Anal.,1
"DMIHER Int. Conf. Artif. Intell. Healthc., Educ. Ind., IDICAIHEI",1
Rethinking Real Estate: A Roadmap to Techn. Impact on the World's Largest Asset Class,1
Rev. Internet Derecho Polit.,1
J. Technol. Manage. Innov.,1
Adv. Mater. Struct. Mech. Eng. Proc. Intern. Conf. Adv. Mater. Struct. Mech. Eng.,1
"IEEE Int. Conf. Data Sci. Netw. Secur., ICDSNS",1
FAIM - Proc. Int. Conf. Flex. Autom. Intell. Manuf.: Capturing Compet. Advant. via Adv. Manuf. Enterp. Transform.,1
Sol Energ Mater Sol Cells,1
"Thick Films: Properties, Technol. and Appl.",1
Nouv. Dermatol.,1
Cailiao Gongcheng,1
Handb. of the Metaverse,1
Proc Electron Compon Technol Conf,1
Ceramurgia,1
J Food Sci Technol,1
Mesop. j. big data,1
J. Consum. Policy,1
Hous. theory. soc.,1
J. Food Compos. Anal.,1
J. Bank. Financ.,1
"Adhes.: Mech. Prop., Technol. and Econ. Import.",1
"Proc. - IEEE Int. Conf. Comput., Control, Netw. Photonics, ICCCNP",1
Eur. Bus. Law Rev.,1
"Int. Conf. Innov. Pract. Technol. Manag., ICIPTM",1
Augment. and Virtual Real. in Ind. 5.0,1
Res. Handb. on Clim. Chang. and Trade Law,1
Geliotekh,1
Stats.,1
Clin. Exp. Optom.,1
IEEE Microwave Mag.,1
The New Era of Real Estate: An Anal. of Bus. Models in the Proptech Ind.,1
CEUR Workshop Proc.,1
World Pat. Inf.,1
Trans. GIS,1
Real Estate Econ.,1
Technology Transf.,1
"Proc. ACM Int. Conf. PErvasive Technol. Relat. Assist. Environ., PETRA",1
Environ. Plann. A,1
Environ. Sci. Pollut. Res.,1
"Print. Films: Mater. Sci. and Appl. in Sensors, Electron. and Photonics",1
Unlocking the Metaverse: A Strateg. Guide for the Future of the Built Environ.,1
Qual. Mark. Res.,1
Inf. Syst. Res.,1
J. Knowl. Manag.,1
World J. Microbiol. Biotechnol.,1
Smart constr. sustain. cities,1
"Int. Conf. Emerg. Trends Innov. ICT, ICEI",1
J. Geomatics,1
Vopr Pitan,1
Surveill. Soc.,1
Bitacora Urban. Territorial,1
Innovations in Optimization and Machine Learning,1
"Biodiesel Production: Feedstocks, Catalysts, and Technologies",1
"Proc. Int. Conf. Nanomater.: Appl. Prop., NAP",1
Int. J. Inf. Manag. Data Insights,1
Habitat Int.,1
Build. Cities.,1
PropTech and Real Estate Innovations: A Guide to Digital Technologies and Solutions in the Built Environment,1
J. Control. Release,1
J. Chin. Cereals Oils Assoc.,1
"Micro- and Biofluidics: Structure, Properties, Technology and Spotlight into the Future",1
Rev. Panam. Salud Publica Pan Am. J. Public Health,1
Neural Comput. Appl.,1
Built environ. j.,1
Proc. RoEduNet IEEE Int. Conf.,1
Sixties,1
CAMX - Compos. Adv. Mater. Expo,1
Adv. Anal. and Deep Learn. Mod.,1
Law.,1
Electronics (Switzerland),1
Nongye Gongcheng Xuebao,1
Energy Policy,1
Electron. Libr.,1
"Bioact. Glasses: Mater., Prop. and Appl.",1
Research and Innovation Policy: Changing Federal Gov.-University Relations,1
"Control Engineering and Information Systems - Proceedings of the International Conference on Control Engineering and Information System, ICCEIS 2014",1
Strategies and Policies in Digital Convergence,1
"Vaccines as Technol.: INNOV., BARRIERS, AND THE PUBLIC HEALTH",1
Cryptogr.,1
Int. Rev. Manag. Mark.,1
IEEE Reg 10 Annu Int Conf Proc TENCON,1
"Proc. - Chin. Autom. Congr., CAC",1
"Int. Conf. Inven. Comput. Technol., ICICT",1
Yejin Fenxi,1
Biofuels,1
Digital Transformation: Organizational Challenges and Management Transformation Methods,1
Int. J. Urban Reg. Res.,1
Giesserei,1
IEEE Access,1
"Proc. - Int. Conf. New Trends Inf. Serv. Sci., NISS",1
GCCE - IEEE Glob. Conf. Consum. Electron.,1
Phys. Acoust.,1
Pac. Rim Prop. Res. J.,1
Int. J. Hous. Policy,1
The Rout. Handb. of FinTech,1
IBSSC - IEEE Bombay Sect. Signat. Conf.,1
Community Dev. J.,1
Build. Eng.,1
"IAMOT -  Int. Assoc. Manag. Technol. Conf., Proc.: Technol. - Futur. Think.",1
Int. J. Entrepreneurship Innov. Manage.,1
Acta Hortic.,1
Tijdschr. Econ. Soc. Geogr.,1
The Future of Real Estate Education: From Pedagogy to Technology,1
Opto-electron. Rev.,1
Comput. Aided Chem. Eng.,1
Chem. Eng. News,1
J. Sustain. Real Estate,1
Adhaesion,1
"Proc. - Int. Conf. Recent Innov. Sci. Eng. Technol., ICRISET",1
Int. J. Data Anal. Tech. Strateg.,1
Hydrotech. Constr.,1
GM Crops Food,1
"Proc. - Int. Conf. Intell. Syst. Des. Eng. Appl., ISDEA",1
Handbook of Measuring System Design: Sydenham/Measuring,1
Plann.Malays.,1
Open Agric. J.,1
Ethics Med. Public Health,1
Crit. Hous. Anal.,1
Tour. Hosp. Manage.,1
Micromachines,1
J. Mark. Theory Pract.,1
Chem. Eng. World,1
BWK Energ. Fachmag.,1
AlQadisiyah. J. Eng. Sci.,1
Risks,1
"Research Handb. on Housing, the Home and Society",1
Big Data: A Road Map for Success. Digit. Mark.,1
"Opt. Fiber Commun. Conf. Exhib., OFC - Proc.",1
J Phys D,1
Calif. Law Rev.,1
The Future of Real Estate,1
Inf. Commun. Soc.,1
"Int. Conf. Electron. Packag. Technol., ICEPT",1
Int. J. Energ. Mater. Chem. Propul.,1
Tianjin Daxue Xuebao (Ziran Kexue yu Gongcheng Jishu Ban),1
Trends Food Sci. Technol.,1
Blockchain in Real Estate: Theoretical Adv. and New Empirical Applic.,1
Energies,1
Soc. Incl.,1
Life Sci. J.,1
"Applied Data Science in FinTech: Models, Tools, and Case Studies",1
Real Estate Manag. Valuat.,1
Bus. inform.,1
Proc. Int. Conf. IADIS Inf. Syst. e-Soc.,1
Intern. J. Hous. Mark. Anal.,1
Rev. Derecho Civil,1
Issues Environm. Sci. Technol.,1
Blockchain for Hospitality and Tourism: A Guide to the Future,1
Geosystem Eng.,1
GEO connexion,1
J Supercomput,1
Energy Fuels,1
Int. J. Build. Pathology Adapt.,1
Social Media Soc.,1
"Int. Sci. Conf.: Wood Good - Prop., Technol., Valoris., Appl., Proc.",1
Future bus. finance,1
IOP Conf. Ser. Mater. Sci. Eng.,1
J. Phys. Conf. Ser.,1
J. Inf. Technol. Res.,1
Organizational Resilience and Leadership issues in the dynamic era,1
Architectural Thinking in a Climate Emergency,1
J Chem Eng Data,1
Wool Text. J.,1
"IEEE Int. Conf. Data Mining Workshops, ICDMW",1
Comput. Urban Sci.,1
High Polym,1
Int. J. Innov. Technol. Explor. Eng.,1
J. Facil. Manage.,1
SAGE Open,1
"Opuntia spp.: Chemistry, Bioactivity and Industrial Appl.",1
TECHNIKA SMAROWNICZA,1
"Proc. IEEE Int. Conf. Advanc. Inf. Netw. Appl. Workshops, WAINA",1
Indian J. Forensic Med. Toxicol.,1
Int J Inf Manage,1
"Advancing Real Property Valuation: AI, Drones and Emerging Digital Technologies in Professional Practice and Education",1
Telematics Inf,1
Qual. Quant.,1
Fibers,1
Food. Bioprocess Technol.,1
Quim. Nova,1
Intang. Cap.,1
Environ Rev,1
"Bioactive Glasses: Materials, Properties and Applications, Second Edition",1
"Graphene: Synthesis, Properties, Technology and Applications",1
World Economy Int. Relat.,1
Indian. J. Inf. Source. Serv.,1
Telemat. Inform. Rep.,1
Chem. Pet. Eng.,1
J. Real Estate Portf. Manage.,1
J. Big Data,1
Int. J. Mol. Sci.,1
Account. finance sustain. gov. fraud,1
"Proc. - Int. Conf. Comput. Intell. Softw. Eng., CiSE",1
Poetics,1
