order_id,line_id,order_date,customer_id,product_id,quantity,discount_pct,region,segment,product,category,unit_price,gross_sales,discount_amount,net_sales
1,1,2024-01-04,51,12,5,0.05,Sur,Hogar,Producto 12,Servicios,490,2450,122.5,2327.5
1,2,2024-01-04,51,1,4,0.1,Sur,Hogar,Producto 1,Tecnología,780,3120,312.0,2808.0
1,3,2024-01-04,51,3,2,0.0,Sur,Hogar,Producto 3,Tecnología,510,1020,0.0,1020.0
2,1,2024-01-07,35,7,5,0.05,Centro,Pyme,Producto 7,Oficina,240,1200,60.0,1140.0
3,1,2024-01-10,16,6,5,0.1,Norte,Corporativo,Producto 6,Oficina,290,1450,145.0,1305.0
3,2,2024-01-10,16,9,1,0.0,Norte,Corporativo,Producto 9,Servicios,920,920,0.0,920.0
4,1,2024-01-13,49,9,3,0.1,Sur,Corporativo,Producto 9,Servicios,920,2760,276.0,2484.0
5,1,2024-01-16,49,8,4,0.05,Sur,Corporativo,Producto 8,Oficina,180,720,36.0,684.0
5,2,2024-01-16,49,8,4,0.05,Sur,Corporativo,Producto 8,Oficina,180,720,36.0,684.0
6,1,2024-01-19,25,11,1,0.05,Centro,Corporativo,Producto 11,Servicios,610,610,30.5,579.5
6,2,2024-01-19,25,12,2,0.0,Centro,Corporativo,Producto 12,Servicios,490,980,0.0,980.0
6,3,2024-01-19,25,11,3,0.0,Centro,Corporativo,Producto 11,Servicios,610,1830,0.0,1830.0
7,1,2024-01-22,9,8,1,0.0,Norte,Hogar,Producto 8,Oficina,180,180,0.0,180.0
7,2,2024-01-22,9,5,1,0.0,Norte,Hogar,Producto 5,Oficina,350,350,0.0,350.0
8,1,2024-01-25,9,7,5,0.05,Norte,Hogar,Producto 7,Oficina,240,1200,60.0,1140.0
8,2,2024-01-25,9,6,2,0.05,Norte,Hogar,Producto 6,Oficina,290,580,29.0,551.0
9,1,2024-01-28,15,2,5,0.1,Norte,Hogar,Producto 2,Tecnología,640,3200,320.0,2880.0
9,2,2024-01-28,15,2,3,0.1,Norte,Hogar,Producto 2,Tecnología,640,1920,192.0,1728.0
9,3,2024-01-28,15,12,1,0.0,Norte,Hogar,Producto 12,Servicios,490,490,0.0,490.0
10,1,2024-01-31,43,10,2,0.0,Sur,Corporativo,Producto 10,Servicios,730,1460,0.0,1460.0
11,1,2024-02-03,30,12,4,0.0,Centro,Hogar,Producto 12,Servicios,490,1960,0.0,1960.0
12,1,2024-02-06,19,9,1,0.0,Norte,Corporativo,Producto 9,Servicios,920,920,0.0,920.0
12,2,2024-02-06,19,10,2,0.05,Norte,Corporativo,Producto 10,Servicios,730,1460,73.0,1387.0
12,3,2024-02-06,19,4,2,0.1,Norte,Corporativo,Producto 4,Tecnología,460,920,92.0,828.0
13,1,2024-02-09,53,11,4,0.0,Sur,Pyme,Producto 11,Servicios,610,2440,0.0,2440.0
14,1,2024-02-12,35,10,4,0.05,Centro,Pyme,Producto 10,Servicios,730,2920,146.0,2774.0
14,2,2024-02-12,35,4,3,0.1,Centro,Pyme,Producto 4,Tecnología,460,1380,138.0,1242.0
15,1,2024-02-15,13,5,1,0.0,Norte,Corporativo,Producto 5,Oficina,350,350,0.0,350.0
15,2,2024-02-15,13,4,2,0.1,Norte,Corporativo,Producto 4,Tecnología,460,920,92.0,828.0
16,1,2024-02-18,1,1,2,0.0,Norte,Corporativo,Producto 1,Tecnología,780,1560,0.0,1560.0
17,1,2024-02-21,21,6,1,0.0,Centro,Hogar,Producto 6,Oficina,290,290,0.0,290.0
17,2,2024-02-21,21,3,1,0.1,Centro,Hogar,Producto 3,Tecnología,510,510,51.0,459.0
18,1,2024-02-24,5,6,1,0.0,Norte,Pyme,Producto 6,Oficina,290,290,0.0,290.0
19,1,2024-02-27,47,9,5,0.1,Sur,Pyme,Producto 9,Servicios,920,4600,460.0,4140.0
19,2,2024-02-27,47,12,5,0.0,Sur,Pyme,Producto 12,Servicios,490,2450,0.0,2450.0
20,1,2024-03-01,30,2,5,0.0,Centro,Hogar,Producto 2,Tecnología,640,3200,0.0,3200.0
20,2,2024-03-01,30,9,1,0.0,Centro,Hogar,Producto 9,Servicios,920,920,0.0,920.0
21,1,2024-03-04,58,7,1,0.0,Sur,Corporativo,Producto 7,Oficina,240,240,0.0,240.0
21,2,2024-03-04,58,2,5,0.05,Sur,Corporativo,Producto 2,Tecnología,640,3200,160.0,3040.0
22,1,2024-03-07,8,6,1,0.0,Norte,Pyme,Producto 6,Oficina,290,290,0.0,290.0
22,2,2024-03-07,8,7,4,0.1,Norte,Pyme,Producto 7,Oficina,240,960,96.0,864.0
22,3,2024-03-07,8,1,2,0.0,Norte,Pyme,Producto 1,Tecnología,780,1560,0.0,1560.0
23,1,2024-03-10,5,2,3,0.0,Norte,Pyme,Producto 2,Tecnología,640,1920,0.0,1920.0
23,2,2024-03-10,5,7,1,0.0,Norte,Pyme,Producto 7,Oficina,240,240,0.0,240.0
24,1,2024-03-13,10,5,4,0.05,Norte,Corporativo,Producto 5,Oficina,350,1400,70.0,1330.0
24,2,2024-03-13,10,4,1,0.05,Norte,Corporativo,Producto 4,Tecnología,460,460,23.0,437.0
25,1,2024-03-16,46,2,2,0.0,Sur,Corporativo,Producto 2,Tecnología,640,1280,0.0,1280.0
25,2,2024-03-16,46,10,1,0.05,Sur,Corporativo,Producto 10,Servicios,730,730,36.5,693.5
26,1,2024-03-19,10,7,4,0.0,Norte,Corporativo,Producto 7,Oficina,240,960,0.0,960.0
26,2,2024-03-19,10,6,3,0.0,Norte,Corporativo,Producto 6,Oficina,290,870,0.0,870.0
26,3,2024-03-19,10,4,2,0.0,Norte,Corporativo,Producto 4,Tecnología,460,920,0.0,920.0
27,1,2024-03-22,32,5,3,0.1,Centro,Pyme,Producto 5,Oficina,350,1050,105.0,945.0
27,2,2024-03-22,32,6,3,0.1,Centro,Pyme,Producto 6,Oficina,290,870,87.0,783.0
28,1,2024-03-25,46,4,3,0.0,Sur,Corporativo,Producto 4,Tecnología,460,1380,0.0,1380.0
28,2,2024-03-25,46,3,4,0.0,Sur,Corporativo,Producto 3,Tecnología,510,2040,0.0,2040.0
28,3,2024-03-25,46,12,4,0.1,Sur,Corporativo,Producto 12,Servicios,490,1960,196.0,1764.0
29,1,2024-03-28,40,7,2,0.05,Centro,Corporativo,Producto 7,Oficina,240,480,24.0,456.0
29,2,2024-03-28,40,9,4,0.0,Centro,Corporativo,Producto 9,Servicios,920,3680,0.0,3680.0
30,1,2024-03-31,11,10,1,0.0,Norte,Pyme,Producto 10,Servicios,730,730,0.0,730.0
30,2,2024-03-31,11,10,3,0.0,Norte,Pyme,Producto 10,Servicios,730,2190,0.0,2190.0
31,1,2024-04-03,35,5,2,0.0,Centro,Pyme,Producto 5,Oficina,350,700,0.0,700.0
31,2,2024-04-03,35,6,3,0.0,Centro,Pyme,Producto 6,Oficina,290,870,0.0,870.0
32,1,2024-04-06,40,2,2,0.0,Centro,Corporativo,Producto 2,Tecnología,640,1280,0.0,1280.0
32,2,2024-04-06,40,9,3,0.0,Centro,Corporativo,Producto 9,Servicios,920,2760,0.0,2760.0
33,1,2024-04-09,24,2,1,0.1,Centro,Hogar,Producto 2,Tecnología,640,640,64.0,576.0
33,2,2024-04-09,24,7,3,0.1,Centro,Hogar,Producto 7,Oficina,240,720,72.0,648.0
33,3,2024-04-09,24,2,5,0.05,Centro,Hogar,Producto 2,Tecnología,640,3200,160.0,3040.0
34,1,2024-04-12,13,11,2,0.05,Norte,Corporativo,Producto 11,Servicios,610,1220,61.0,1159.0
34,2,2024-04-12,13,5,1,0.05,Norte,Corporativo,Producto 5,Oficina,350,350,17.5,332.5
35,1,2024-04-15,31,5,5,0.0,Centro,Corporativo,Producto 5,Oficina,350,1750,0.0,1750.0
36,1,2024-04-18,39,10,4,0.0,Centro,Hogar,Producto 10,Servicios,730,2920,0.0,2920.0
36,2,2024-04-18,39,8,1,0.0,Centro,Hogar,Producto 8,Oficina,180,180,0.0,180.0
37,1,2024-04-21,57,3,2,0.05,Sur,Hogar,Producto 3,Tecnología,510,1020,51.0,969.0
37,2,2024-04-21,57,10,3,0.0,Sur,Hogar,Producto 10,Servicios,730,2190,0.0,2190.0
37,3,2024-04-21,57,8,4,0.1,Sur,Hogar,Producto 8,Oficina,180,720,72.0,648.0
38,1,2024-04-24,6,3,1,0.0,Norte,Hogar,Producto 3,Tecnología,510,510,0.0,510.0
38,2,2024-04-24,6,3,1,0.05,Norte,Hogar,Producto 3,Tecnología,510,510,25.5,484.5
39,1,2024-04-27,44,10,1,0.1,Sur,Pyme,Producto 10,Servicios,730,730,73.0,657.0
39,2,2024-04-27,44,4,3,0.1,Sur,Pyme,Producto 4,Tecnología,460,1380,138.0,1242.0
40,1,2024-04-30,36,1,2,0.0,Centro,Hogar,Producto 1,Tecnología,780,1560,0.0,1560.0
41,1,2024-05-03,44,8,1,0.05,Sur,Pyme,Producto 8,Oficina,180,180,9.0,171.0
41,2,2024-05-03,44,4,2,0.0,Sur,Pyme,Producto 4,Tecnología,460,920,0.0,920.0
42,1,2024-05-06,8,10,5,0.0,Norte,Pyme,Producto 10,Servicios,730,3650,0.0,3650.0
42,2,2024-05-06,8,2,1,0.1,Norte,Pyme,Producto 2,Tecnología,640,640,64.0,576.0
43,1,2024-05-09,51,5,4,0.0,Sur,Hogar,Producto 5,Oficina,350,1400,0.0,1400.0
43,2,2024-05-09,51,4,1,0.05,Sur,Hogar,Producto 4,Tecnología,460,460,23.0,437.0
44,1,2024-05-12,18,8,4,0.0,Norte,Hogar,Producto 8,Oficina,180,720,0.0,720.0
44,2,2024-05-12,18,12,3,0.1,Norte,Hogar,Producto 12,Servicios,490,1470,147.0,1323.0
45,1,2024-05-15,7,7,4,0.0,Norte,Corporativo,Producto 7,Oficina,240,960,0.0,960.0
45,2,2024-05-15,7,6,3,0.0,Norte,Corporativo,Producto 6,Oficina,290,870,0.0,870.0
45,3,2024-05-15,7,8,3,0.0,Norte,Corporativo,Producto 8,Oficina,180,540,0.0,540.0
46,1,2024-05-18,57,5,2,0.1,Sur,Hogar,Producto 5,Oficina,350,700,70.0,630.0
47,1,2024-05-21,23,3,5,0.0,Centro,Pyme,Producto 3,Tecnología,510,2550,0.0,2550.0
47,2,2024-05-21,23,3,3,0.1,Centro,Pyme,Producto 3,Tecnología,510,1530,153.0,1377.0
47,3,2024-05-21,23,7,4,0.05,Centro,Pyme,Producto 7,Oficina,240,960,48.0,912.0
48,1,2024-05-24,11,10,5,0.0,Norte,Pyme,Producto 10,Servicios,730,3650,0.0,3650.0
48,2,2024-05-24,11,10,5,0.0,Norte,Pyme,Producto 10,Servicios,730,3650,0.0,3650.0
48,3,2024-05-24,11,6,2,0.0,Norte,Pyme,Producto 6,Oficina,290,580,0.0,580.0
49,1,2024-05-27,13,12,1,0.05,Norte,Corporativo,Producto 12,Servicios,490,490,24.5,465.5
49,2,2024-05-27,13,8,3,0.0,Norte,Corporativo,Producto 8,Oficina,180,540,0.0,540.0
50,1,2024-05-30,34,8,3,0.0,Centro,Corporativo,Producto 8,Oficina,180,540,0.0,540.0
51,1,2024-06-02,39,7,3,0.0,Centro,Hogar,Producto 7,Oficina,240,720,0.0,720.0
51,2,2024-06-02,39,7,5,0.0,Centro,Hogar,Producto 7,Oficina,240,1200,0.0,1200.0
51,3,2024-06-02,39,10,3,0.0,Centro,Hogar,Producto 10,Servicios,730,2190,0.0,2190.0
52,1,2024-06-05,18,10,2,0.0,Norte,Hogar,Producto 10,Servicios,730,1460,0.0,1460.0
52,2,2024-06-05,18,4,3,0.0,Norte,Hogar,Producto 4,Tecnología,460,1380,0.0,1380.0
53,1,2024-06-08,59,7,2,0.0,Sur,Pyme,Producto 7,Oficina,240,480,0.0,480.0
53,2,2024-06-08,59,10,1,0.0,Sur,Pyme,Producto 10,Servicios,730,730,0.0,730.0
54,1,2024-06-11,11,9,1,0.0,Norte,Pyme,Producto 9,Servicios,920,920,0.0,920.0
54,2,2024-06-11,11,9,4,0.0,Norte,Pyme,Producto 9,Servicios,920,3680,0.0,3680.0
54,3,2024-06-11,11,5,5,0.0,Norte,Pyme,Producto 5,Oficina,350,1750,0.0,1750.0
55,1,2024-06-14,42,12,1,0.05,Sur,Hogar,Producto 12,Servicios,490,490,24.5,465.5
56,1,2024-06-17,35,5,1,0.0,Centro,Pyme,Producto 5,Oficina,350,350,0.0,350.0
56,2,2024-06-17,35,8,3,0.0,Centro,Pyme,Producto 8,Oficina,180,540,0.0,540.0
57,1,2024-06-20,13,9,2,0.0,Norte,Corporativo,Producto 9,Servicios,920,1840,0.0,1840.0
58,1,2024-06-23,16,2,4,0.0,Norte,Corporativo,Producto 2,Tecnología,640,2560,0.0,2560.0
58,2,2024-06-23,16,2,5,0.0,Norte,Corporativo,Producto 2,Tecnología,640,3200,0.0,3200.0
58,3,2024-06-23,16,1,3,0.1,Norte,Corporativo,Producto 1,Tecnología,780,2340,234.0,2106.0
59,1,2024-06-26,33,1,4,0.0,Centro,Hogar,Producto 1,Tecnología,780,3120,0.0,3120.0
60,1,2024-06-29,32,5,2,0.1,Centro,Pyme,Producto 5,Oficina,350,700,70.0,630.0
60,2,2024-06-29,32,11,5,0.0,Centro,Pyme,Producto 11,Servicios,610,3050,0.0,3050.0
60,3,2024-06-29,32,1,1,0.0,Centro,Pyme,Producto 1,Tecnología,780,780,0.0,780.0
61,1,2024-07-02,9,9,5,0.0,Norte,Hogar,Producto 9,Servicios,920,4600,0.0,4600.0
62,1,2024-07-05,59,8,1,0.1,Sur,Pyme,Producto 8,Oficina,180,180,18.0,162.0
62,2,2024-07-05,59,9,5,0.1,Sur,Pyme,Producto 9,Servicios,920,4600,460.0,4140.0
63,1,2024-07-08,48,2,3,0.05,Sur,Hogar,Producto 2,Tecnología,640,1920,96.0,1824.0
63,2,2024-07-08,48,9,4,0.0,Sur,Hogar,Producto 9,Servicios,920,3680,0.0,3680.0
64,1,2024-07-11,48,1,2,0.05,Sur,Hogar,Producto 1,Tecnología,780,1560,78.0,1482.0
65,1,2024-07-14,20,9,3,0.05,Norte,Pyme,Producto 9,Servicios,920,2760,138.0,2622.0
65,2,2024-07-14,20,7,5,0.0,Norte,Pyme,Producto 7,Oficina,240,1200,0.0,1200.0
65,3,2024-07-14,20,9,4,0.0,Norte,Pyme,Producto 9,Servicios,920,3680,0.0,3680.0
66,1,2024-07-17,24,1,1,0.0,Centro,Hogar,Producto 1,Tecnología,780,780,0.0,780.0
66,2,2024-07-17,24,12,5,0.0,Centro,Hogar,Producto 12,Servicios,490,2450,0.0,2450.0
66,3,2024-07-17,24,11,5,0.1,Centro,Hogar,Producto 11,Servicios,610,3050,305.0,2745.0
67,1,2024-07-20,4,10,5,0.1,Norte,Corporativo,Producto 10,Servicios,730,3650,365.0,3285.0
68,1,2024-07-23,59,3,1,0.05,Sur,Pyme,Producto 3,Tecnología,510,510,25.5,484.5
69,1,2024-07-26,37,5,1,0.0,Centro,Corporativo,Producto 5,Oficina,350,350,0.0,350.0
69,2,2024-07-26,37,12,3,0.0,Centro,Corporativo,Producto 12,Servicios,490,1470,0.0,1470.0
70,1,2024-07-29,29,3,3,0.0,Centro,Pyme,Producto 3,Tecnología,510,1530,0.0,1530.0
71,1,2024-08-01,3,9,5,0.0,Norte,Hogar,Producto 9,Servicios,920,4600,0.0,4600.0
71,2,2024-08-01,3,1,3,0.05,Norte,Hogar,Producto 1,Tecnología,780,2340,117.0,2223.0
71,3,2024-08-01,3,3,4,0.0,Norte,Hogar,Producto 3,Tecnología,510,2040,0.0,2040.0
72,1,2024-08-04,57,7,2,0.0,Sur,Hogar,Producto 7,Oficina,240,480,0.0,480.0
72,2,2024-08-04,57,11,5,0.0,Sur,Hogar,Producto 11,Servicios,610,3050,0.0,3050.0
72,3,2024-08-04,57,8,1,0.05,Sur,Hogar,Producto 8,Oficina,180,180,9.0,171.0
73,1,2024-08-07,42,9,5,0.05,Sur,Hogar,Producto 9,Servicios,920,4600,230.0,4370.0
74,1,2024-08-10,48,7,2,0.1,Sur,Hogar,Producto 7,Oficina,240,480,48.0,432.0
74,2,2024-08-10,48,8,1,0.1,Sur,Hogar,Producto 8,Oficina,180,180,18.0,162.0
75,1,2024-08-13,44,3,3,0.0,Sur,Pyme,Producto 3,Tecnología,510,1530,0.0,1530.0
75,2,2024-08-13,44,2,5,0.05,Sur,Pyme,Producto 2,Tecnología,640,3200,160.0,3040.0
76,1,2024-08-16,57,11,4,0.0,Sur,Hogar,Producto 11,Servicios,610,2440,0.0,2440.0
76,2,2024-08-16,57,2,3,0.1,Sur,Hogar,Producto 2,Tecnología,640,1920,192.0,1728.0
77,1,2024-08-19,37,8,2,0.0,Centro,Corporativo,Producto 8,Oficina,180,360,0.0,360.0
77,2,2024-08-19,37,11,4,0.0,Centro,Corporativo,Producto 11,Servicios,610,2440,0.0,2440.0
78,1,2024-08-22,22,4,2,0.05,Centro,Corporativo,Producto 4,Tecnología,460,920,46.0,874.0
78,2,2024-08-22,22,9,1,0.05,Centro,Corporativo,Producto 9,Servicios,920,920,46.0,874.0
78,3,2024-08-22,22,4,2,0.05,Centro,Corporativo,Producto 4,Tecnología,460,920,46.0,874.0
79,1,2024-08-25,38,2,5,0.1,Centro,Pyme,Producto 2,Tecnología,640,3200,320.0,2880.0
79,2,2024-08-25,38,12,1,0.05,Centro,Pyme,Producto 12,Servicios,490,490,24.5,465.5
80,1,2024-08-28,47,6,4,0.05,Sur,Pyme,Producto 6,Oficina,290,1160,58.0,1102.0
80,2,2024-08-28,47,4,2,0.0,Sur,Pyme,Producto 4,Tecnología,460,920,0.0,920.0
80,3,2024-08-28,47,2,4,0.0,Sur,Pyme,Producto 2,Tecnología,640,2560,0.0,2560.0
81,1,2024-08-31,51,7,3,0.0,Sur,Hogar,Producto 7,Oficina,240,720,0.0,720.0
81,2,2024-08-31,51,2,5,0.0,Sur,Hogar,Producto 2,Tecnología,640,3200,0.0,3200.0
82,1,2024-09-03,4,9,5,0.05,Norte,Corporativo,Producto 9,Servicios,920,4600,230.0,4370.0
83,1,2024-09-06,15,2,4,0.1,Norte,Hogar,Producto 2,Tecnología,640,2560,256.0,2304.0
83,2,2024-09-06,15,8,1,0.1,Norte,Hogar,Producto 8,Oficina,180,180,18.0,162.0
83,3,2024-09-06,15,10,2,0.0,Norte,Hogar,Producto 10,Servicios,730,1460,0.0,1460.0
84,1,2024-09-09,50,4,3,0.0,Sur,Pyme,Producto 4,Tecnología,460,1380,0.0,1380.0
84,2,2024-09-09,50,12,2,0.0,Sur,Pyme,Producto 12,Servicios,490,980,0.0,980.0
84,3,2024-09-09,50,9,3,0.0,Sur,Pyme,Producto 9,Servicios,920,2760,0.0,2760.0
85,1,2024-09-12,31,12,4,0.05,Centro,Corporativo,Producto 12,Servicios,490,1960,98.0,1862.0
85,2,2024-09-12,31,10,1,0.0,Centro,Corporativo,Producto 10,Servicios,730,730,0.0,730.0
85,3,2024-09-12,31,5,3,0.0,Centro,Corporativo,Producto 5,Oficina,350,1050,0.0,1050.0
86,1,2024-09-15,19,12,2,0.0,Norte,Corporativo,Producto 12,Servicios,490,980,0.0,980.0
87,1,2024-09-18,36,4,1,0.0,Centro,Hogar,Producto 4,Tecnología,460,460,0.0,460.0
87,2,2024-09-18,36,11,1,0.0,Centro,Hogar,Producto 11,Servicios,610,610,0.0,610.0
87,3,2024-09-18,36,9,3,0.0,Centro,Hogar,Producto 9,Servicios,920,2760,0.0,2760.0
88,1,2024-09-21,44,9,2,0.0,Sur,Pyme,Producto 9,Servicios,920,1840,0.0,1840.0
88,2,2024-09-21,44,3,5,0.05,Sur,Pyme,Producto 3,Tecnología,510,2550,127.5,2422.5
88,3,2024-09-21,44,5,1,0.0,Sur,Pyme,Producto 5,Oficina,350,350,0.0,350.0
89,1,2024-09-24,1,4,1,0.1,Norte,Corporativo,Producto 4,Tecnología,460,460,46.0,414.0
89,2,2024-09-24,1,2,1,0.05,Norte,Corporativo,Producto 2,Tecnología,640,640,32.0,608.0
89,3,2024-09-24,1,7,4,0.05,Norte,Corporativo,Producto 7,Oficina,240,960,48.0,912.0
90,1,2024-09-27,40,9,2,0.05,Centro,Corporativo,Producto 9,Servicios,920,1840,92.0,1748.0
90,2,2024-09-27,40,1,1,0.0,Centro,Corporativo,Producto 1,Tecnología,780,780,0.0,780.0
90,3,2024-09-27,40,2,5,0.0,Centro,Corporativo,Producto 2,Tecnología,640,3200,0.0,3200.0
91,1,2024-09-30,54,5,1,0.0,Sur,Hogar,Producto 5,Oficina,350,350,0.0,350.0
91,2,2024-09-30,54,7,2,0.0,Sur,Hogar,Producto 7,Oficina,240,480,0.0,480.0
92,1,2024-10-03,44,11,2,0.05,Sur,Pyme,Producto 11,Servicios,610,1220,61.0,1159.0
93,1,2024-10-06,23,8,4,0.0,Centro,Pyme,Producto 8,Oficina,180,720,0.0,720.0
93,2,2024-10-06,23,11,4,0.0,Centro,Pyme,Producto 11,Servicios,610,2440,0.0,2440.0
93,3,2024-10-06,23,12,4,0.1,Centro,Pyme,Producto 12,Servicios,490,1960,196.0,1764.0
94,1,2024-10-09,44,7,4,0.0,Sur,Pyme,Producto 7,Oficina,240,960,0.0,960.0
95,1,2024-10-12,56,4,5,0.1,Sur,Pyme,Producto 4,Tecnología,460,2300,230.0,2070.0
96,1,2024-10-15,21,12,4,0.05,Centro,Hogar,Producto 12,Servicios,490,1960,98.0,1862.0
97,1,2024-10-18,30,4,4,0.0,Centro,Hogar,Producto 4,Tecnología,460,1840,0.0,1840.0
98,1,2024-10-21,58,4,5,0.0,Sur,Corporativo,Producto 4,Tecnología,460,2300,0.0,2300.0
99,1,2024-10-24,54,3,1,0.05,Sur,Hogar,Producto 3,Tecnología,510,510,25.5,484.5
99,2,2024-10-24,54,7,3,0.0,Sur,Hogar,Producto 7,Oficina,240,720,0.0,720.0
99,3,2024-10-24,54,10,3,0.05,Sur,Hogar,Producto 10,Servicios,730,2190,109.5,2080.5
100,1,2024-10-27,4,9,2,0.1,Norte,Corporativo,Producto 9,Servicios,920,1840,184.0,1656.0
100,2,2024-10-27,4,5,4,0.0,Norte,Corporativo,Producto 5,Oficina,350,1400,0.0,1400.0
101,1,2024-10-30,21,2,4,0.0,Centro,Hogar,Producto 2,Tecnología,640,2560,0.0,2560.0
101,2,2024-10-30,21,7,1,0.05,Centro,Hogar,Producto 7,Oficina,240,240,12.0,228.0
101,3,2024-10-30,21,7,3,0.05,Centro,Hogar,Producto 7,Oficina,240,720,36.0,684.0
102,1,2024-11-02,31,2,1,0.1,Centro,Corporativo,Producto 2,Tecnología,640,640,64.0,576.0
102,2,2024-11-02,31,6,5,0.0,Centro,Corporativo,Producto 6,Oficina,290,1450,0.0,1450.0
102,3,2024-11-02,31,11,1,0.0,Centro,Corporativo,Producto 11,Servicios,610,610,0.0,610.0
103,1,2024-11-05,26,1,1,0.0,Centro,Pyme,Producto 1,Tecnología,780,780,0.0,780.0
103,2,2024-11-05,26,2,2,0.0,Centro,Pyme,Producto 2,Tecnología,640,1280,0.0,1280.0
103,3,2024-11-05,26,11,1,0.1,Centro,Pyme,Producto 11,Servicios,610,610,61.0,549.0
104,1,2024-11-08,10,8,3,0.0,Norte,Corporativo,Producto 8,Oficina,180,540,0.0,540.0
104,2,2024-11-08,10,8,4,0.05,Norte,Corporativo,Producto 8,Oficina,180,720,36.0,684.0
104,3,2024-11-08,10,7,4,0.05,Norte,Corporativo,Producto 7,Oficina,240,960,48.0,912.0
105,1,2024-11-11,8,9,1,0.0,Norte,Pyme,Producto 9,Servicios,920,920,0.0,920.0
106,1,2024-11-14,4,9,1,0.0,Norte,Corporativo,Producto 9,Servicios,920,920,0.0,920.0
106,2,2024-11-14,4,9,2,0.1,Norte,Corporativo,Producto 9,Servicios,920,1840,184.0,1656.0
107,1,2024-11-17,48,5,3,0.0,Sur,Hogar,Producto 5,Oficina,350,1050,0.0,1050.0
107,2,2024-11-17,48,4,1,0.0,Sur,Hogar,Producto 4,Tecnología,460,460,0.0,460.0
107,3,2024-11-17,48,11,3,0.0,Sur,Hogar,Producto 11,Servicios,610,1830,0.0,1830.0
108,1,2024-11-20,38,5,2,0.0,Centro,Pyme,Producto 5,Oficina,350,700,0.0,700.0
109,1,2024-11-23,15,1,3,0.0,Norte,Hogar,Producto 1,Tecnología,780,2340,0.0,2340.0
109,2,2024-11-23,15,5,4,0.1,Norte,Hogar,Producto 5,Oficina,350,1400,140.0,1260.0
110,1,2024-11-26,41,4,2,0.05,Sur,Pyme,Producto 4,Tecnología,460,920,46.0,874.0
110,2,2024-11-26,41,12,3,0.05,Sur,Pyme,Producto 12,Servicios,490,1470,73.5,1396.5
111,1,2024-11-29,17,6,2,0.0,Norte,Pyme,Producto 6,Oficina,290,580,0.0,580.0
111,2,2024-11-29,17,5,5,0.05,Norte,Pyme,Producto 5,Oficina,350,1750,87.5,1662.5
112,1,2024-12-02,32,9,2,0.0,Centro,Pyme,Producto 9,Servicios,920,1840,0.0,1840.0
112,2,2024-12-02,32,4,4,0.0,Centro,Pyme,Producto 4,Tecnología,460,1840,0.0,1840.0
113,1,2024-12-05,10,8,1,0.0,Norte,Corporativo,Producto 8,Oficina,180,180,0.0,180.0
113,2,2024-12-05,10,9,3,0.05,Norte,Corporativo,Producto 9,Servicios,920,2760,138.0,2622.0
114,1,2024-12-08,17,11,3,0.05,Norte,Pyme,Producto 11,Servicios,610,1830,91.5,1738.5
115,1,2024-12-11,18,4,3,0.05,Norte,Hogar,Producto 4,Tecnología,460,1380,69.0,1311.0
115,2,2024-12-11,18,8,3,0.05,Norte,Hogar,Producto 8,Oficina,180,540,27.0,513.0
116,1,2024-12-14,55,9,5,0.05,Sur,Corporativo,Producto 9,Servicios,920,4600,230.0,4370.0
117,1,2024-12-17,41,8,3,0.1,Sur,Pyme,Producto 8,Oficina,180,540,54.0,486.0
117,2,2024-12-17,41,1,2,0.1,Sur,Pyme,Producto 1,Tecnología,780,1560,156.0,1404.0
118,1,2024-12-20,44,12,2,0.0,Sur,Pyme,Producto 12,Servicios,490,980,0.0,980.0
118,2,2024-12-20,44,3,5,0.1,Sur,Pyme,Producto 3,Tecnología,510,2550,255.0,2295.0
118,3,2024-12-20,44,2,4,0.05,Sur,Pyme,Producto 2,Tecnología,640,2560,128.0,2432.0
119,1,2024-12-23,35,1,1,0.1,Centro,Pyme,Producto 1,Tecnología,780,780,78.0,702.0
119,2,2024-12-23,35,11,1,0.05,Centro,Pyme,Producto 11,Servicios,610,610,30.5,579.5
119,3,2024-12-23,35,3,4,0.05,Centro,Pyme,Producto 3,Tecnología,510,2040,102.0,1938.0
120,1,2024-12-26,4,1,5,0.1,Norte,Corporativo,Producto 1,Tecnología,780,3900,390.0,3510.0
120,2,2024-12-26,4,11,1,0.0,Norte,Corporativo,Producto 11,Servicios,610,610,0.0,610.0
120,3,2024-12-26,4,2,1,0.1,Norte,Corporativo,Producto 2,Tecnología,640,640,64.0,576.0
121,1,2024-12-29,22,10,1,0.05,Centro,Corporativo,Producto 10,Servicios,730,730,36.5,693.5
121,2,2024-12-29,22,7,4,0.1,Centro,Corporativo,Producto 7,Oficina,240,960,96.0,864.0
121,3,2024-12-29,22,11,5,0.0,Centro,Corporativo,Producto 11,Servicios,610,3050,0.0,3050.0
122,1,2024-01-02,48,4,4,0.05,Sur,Hogar,Producto 4,Tecnología,460,1840,92.0,1748.0
123,1,2024-01-05,18,8,5,0.05,Norte,Hogar,Producto 8,Oficina,180,900,45.0,855.0
124,1,2024-01-08,29,4,1,0.05,Centro,Pyme,Producto 4,Tecnología,460,460,23.0,437.0
125,1,2024-01-11,14,8,1,0.0,Norte,Pyme,Producto 8,Oficina,180,180,0.0,180.0
125,2,2024-01-11,14,5,1,0.05,Norte,Pyme,Producto 5,Oficina,350,350,17.5,332.5
126,1,2024-01-14,35,2,3,0.0,Centro,Pyme,Producto 2,Tecnología,640,1920,0.0,1920.0
126,2,2024-01-14,35,10,5,0.05,Centro,Pyme,Producto 10,Servicios,730,3650,182.5,3467.5
127,1,2024-01-17,20,10,2,0.0,Norte,Pyme,Producto 10,Servicios,730,1460,0.0,1460.0
127,2,2024-01-17,20,9,3,0.0,Norte,Pyme,Producto 9,Servicios,920,2760,0.0,2760.0
127,3,2024-01-17,20,3,2,0.0,Norte,Pyme,Producto 3,Tecnología,510,1020,0.0,1020.0
128,1,2024-01-20,12,10,1,0.05,Norte,Hogar,Producto 10,Servicios,730,730,36.5,693.5
129,1,2024-01-23,28,8,3,0.0,Centro,Corporativo,Producto 8,Oficina,180,540,0.0,540.0
129,2,2024-01-23,28,2,2,0.05,Centro,Corporativo,Producto 2,Tecnología,640,1280,64.0,1216.0
130,1,2024-01-26,12,2,3,0.1,Norte,Hogar,Producto 2,Tecnología,640,1920,192.0,1728.0
130,2,2024-01-26,12,3,1,0.0,Norte,Hogar,Producto 3,Tecnología,510,510,0.0,510.0
130,3,2024-01-26,12,1,4,0.05,Norte,Hogar,Producto 1,Tecnología,780,3120,156.0,2964.0
131,1,2024-01-29,3,8,3,0.0,Norte,Hogar,Producto 8,Oficina,180,540,0.0,540.0
131,2,2024-01-29,3,4,5,0.0,Norte,Hogar,Producto 4,Tecnología,460,2300,0.0,2300.0
132,1,2024-02-01,51,7,1,0.05,Sur,Hogar,Producto 7,Oficina,240,240,12.0,228.0
133,1,2024-02-04,53,3,3,0.0,Sur,Pyme,Producto 3,Tecnología,510,1530,0.0,1530.0
134,1,2024-02-07,14,2,5,0.0,Norte,Pyme,Producto 2,Tecnología,640,3200,0.0,3200.0
135,1,2024-02-10,15,10,3,0.0,Norte,Hogar,Producto 10,Servicios,730,2190,0.0,2190.0
136,1,2024-02-13,53,4,3,0.0,Sur,Pyme,Producto 4,Tecnología,460,1380,0.0,1380.0
136,2,2024-02-13,53,9,3,0.0,Sur,Pyme,Producto 9,Servicios,920,2760,0.0,2760.0
136,3,2024-02-13,53,4,3,0.1,Sur,Pyme,Producto 4,Tecnología,460,1380,138.0,1242.0
137,1,2024-02-16,19,9,5,0.0,Norte,Corporativo,Producto 9,Servicios,920,4600,0.0,4600.0
137,2,2024-02-16,19,3,2,0.05,Norte,Corporativo,Producto 3,Tecnología,510,1020,51.0,969.0
137,3,2024-02-16,19,11,3,0.0,Norte,Corporativo,Producto 11,Servicios,610,1830,0.0,1830.0
138,1,2024-02-19,10,8,2,0.0,Norte,Corporativo,Producto 8,Oficina,180,360,0.0,360.0
138,2,2024-02-19,10,12,5,0.0,Norte,Corporativo,Producto 12,Servicios,490,2450,0.0,2450.0
139,1,2024-02-22,60,8,5,0.05,Sur,Hogar,Producto 8,Oficina,180,900,45.0,855.0
140,1,2024-02-25,52,7,5,0.1,Sur,Corporativo,Producto 7,Oficina,240,1200,120.0,1080.0
140,2,2024-02-25,52,1,1,0.1,Sur,Corporativo,Producto 1,Tecnología,780,780,78.0,702.0
140,3,2024-02-25,52,4,2,0.0,Sur,Corporativo,Producto 4,Tecnología,460,920,0.0,920.0
141,1,2024-02-28,21,8,5,0.05,Centro,Hogar,Producto 8,Oficina,180,900,45.0,855.0
141,2,2024-02-28,21,7,1,0.0,Centro,Hogar,Producto 7,Oficina,240,240,0.0,240.0
141,3,2024-02-28,21,2,3,0.0,Centro,Hogar,Producto 2,Tecnología,640,1920,0.0,1920.0
142,1,2024-03-02,27,3,1,0.0,Centro,Hogar,Producto 3,Tecnología,510,510,0.0,510.0
143,1,2024-03-05,36,5,1,0.0,Centro,Hogar,Producto 5,Oficina,350,350,0.0,350.0
143,2,2024-03-05,36,11,4,0.05,Centro,Hogar,Producto 11,Servicios,610,2440,122.0,2318.0
143,3,2024-03-05,36,11,4,0.0,Centro,Hogar,Producto 11,Servicios,610,2440,0.0,2440.0
144,1,2024-03-08,36,4,2,0.0,Centro,Hogar,Producto 4,Tecnología,460,920,0.0,920.0
144,2,2024-03-08,36,12,2,0.05,Centro,Hogar,Producto 12,Servicios,490,980,49.0,931.0
144,3,2024-03-08,36,9,2,0.0,Centro,Hogar,Producto 9,Servicios,920,1840,0.0,1840.0
145,1,2024-03-11,51,11,2,0.05,Sur,Hogar,Producto 11,Servicios,610,1220,61.0,1159.0
145,2,2024-03-11,51,4,2,0.0,Sur,Hogar,Producto 4,Tecnología,460,920,0.0,920.0
146,1,2024-03-14,14,12,1,0.05,Norte,Pyme,Producto 12,Servicios,490,490,24.5,465.5
146,2,2024-03-14,14,8,5,0.05,Norte,Pyme,Producto 8,Oficina,180,900,45.0,855.0
147,1,2024-03-17,41,7,4,0.0,Sur,Pyme,Producto 7,Oficina,240,960,0.0,960.0
147,2,2024-03-17,41,8,3,0.0,Sur,Pyme,Producto 8,Oficina,180,540,0.0,540.0
148,1,2024-03-20,29,5,5,0.05,Centro,Pyme,Producto 5,Oficina,350,1750,87.5,1662.5
148,2,2024-03-20,29,5,2,0.0,Centro,Pyme,Producto 5,Oficina,350,700,0.0,700.0
149,1,2024-03-23,1,2,1,0.0,Norte,Corporativo,Producto 2,Tecnología,640,640,0.0,640.0
150,1,2024-03-26,31,4,1,0.0,Centro,Corporativo,Producto 4,Tecnología,460,460,0.0,460.0
150,2,2024-03-26,31,1,3,0.0,Centro,Corporativo,Producto 1,Tecnología,780,2340,0.0,2340.0
150,3,2024-03-26,31,11,5,0.1,Centro,Corporativo,Producto 11,Servicios,610,3050,305.0,2745.0
151,1,2024-03-29,47,4,2,0.0,Sur,Pyme,Producto 4,Tecnología,460,920,0.0,920.0
151,2,2024-03-29,47,10,2,0.1,Sur,Pyme,Producto 10,Servicios,730,1460,146.0,1314.0
152,1,2024-04-01,45,6,2,0.0,Sur,Hogar,Producto 6,Oficina,290,580,0.0,580.0
153,1,2024-04-04,45,4,3,0.0,Sur,Hogar,Producto 4,Tecnología,460,1380,0.0,1380.0
153,2,2024-04-04,45,7,4,0.0,Sur,Hogar,Producto 7,Oficina,240,960,0.0,960.0
154,1,2024-04-07,45,10,1,0.0,Sur,Hogar,Producto 10,Servicios,730,730,0.0,730.0
154,2,2024-04-07,45,1,5,0.1,Sur,Hogar,Producto 1,Tecnología,780,3900,390.0,3510.0
155,1,2024-04-10,46,2,1,0.1,Sur,Corporativo,Producto 2,Tecnología,640,640,64.0,576.0
156,1,2024-04-13,12,4,4,0.0,Norte,Hogar,Producto 4,Tecnología,460,1840,0.0,1840.0
156,2,2024-04-13,12,12,4,0.0,Norte,Hogar,Producto 12,Servicios,490,1960,0.0,1960.0
157,1,2024-04-16,16,8,4,0.0,Norte,Corporativo,Producto 8,Oficina,180,720,0.0,720.0
157,2,2024-04-16,16,10,2,0.0,Norte,Corporativo,Producto 10,Servicios,730,1460,0.0,1460.0
158,1,2024-04-19,23,11,1,0.0,Centro,Pyme,Producto 11,Servicios,610,610,0.0,610.0
159,1,2024-04-22,17,7,1,0.0,Norte,Pyme,Producto 7,Oficina,240,240,0.0,240.0
159,2,2024-04-22,17,9,3,0.0,Norte,Pyme,Producto 9,Servicios,920,2760,0.0,2760.0
160,1,2024-04-25,60,5,4,0.0,Sur,Hogar,Producto 5,Oficina,350,1400,0.0,1400.0
160,2,2024-04-25,60,11,5,0.05,Sur,Hogar,Producto 11,Servicios,610,3050,152.5,2897.5
161,1,2024-04-28,3,2,3,0.0,Norte,Hogar,Producto 2,Tecnología,640,1920,0.0,1920.0
162,1,2024-05-01,47,8,4,0.0,Sur,Pyme,Producto 8,Oficina,180,720,0.0,720.0
163,1,2024-05-04,56,5,1,0.0,Sur,Pyme,Producto 5,Oficina,350,350,0.0,350.0
163,2,2024-05-04,56,2,4,0.0,Sur,Pyme,Producto 2,Tecnología,640,2560,0.0,2560.0
163,3,2024-05-04,56,3,3,0.05,Sur,Pyme,Producto 3,Tecnología,510,1530,76.5,1453.5
164,1,2024-05-07,59,2,3,0.1,Sur,Pyme,Producto 2,Tecnología,640,1920,192.0,1728.0
164,2,2024-05-07,59,5,2,0.05,Sur,Pyme,Producto 5,Oficina,350,700,35.0,665.0
164,3,2024-05-07,59,6,4,0.0,Sur,Pyme,Producto 6,Oficina,290,1160,0.0,1160.0
165,1,2024-05-10,37,9,1,0.05,Centro,Corporativo,Producto 9,Servicios,920,920,46.0,874.0
165,2,2024-05-10,37,11,3,0.1,Centro,Corporativo,Producto 11,Servicios,610,1830,183.0,1647.0
165,3,2024-05-10,37,10,3,0.05,Centro,Corporativo,Producto 10,Servicios,730,2190,109.5,2080.5
166,1,2024-05-13,52,3,5,0.05,Sur,Corporativo,Producto 3,Tecnología,510,2550,127.5,2422.5
167,1,2024-05-16,37,8,4,0.0,Centro,Corporativo,Producto 8,Oficina,180,720,0.0,720.0
167,2,2024-05-16,37,3,1,0.0,Centro,Corporativo,Producto 3,Tecnología,510,510,0.0,510.0
167,3,2024-05-16,37,5,3,0.05,Centro,Corporativo,Producto 5,Oficina,350,1050,52.5,997.5
168,1,2024-05-19,13,6,4,0.0,Norte,Corporativo,Producto 6,Oficina,290,1160,0.0,1160.0
168,2,2024-05-19,13,12,3,0.0,Norte,Corporativo,Producto 12,Servicios,490,1470,0.0,1470.0
168,3,2024-05-19,13,6,2,0.0,Norte,Corporativo,Producto 6,Oficina,290,580,0.0,580.0
169,1,2024-05-22,27,2,2,0.0,Centro,Hogar,Producto 2,Tecnología,640,1280,0.0,1280.0
170,1,2024-05-25,60,3,4,0.0,Sur,Hogar,Producto 3,Tecnología,510,2040,0.0,2040.0
170,2,2024-05-25,60,9,5,0.05,Sur,Hogar,Producto 9,Servicios,920,4600,230.0,4370.0
170,3,2024-05-25,60,6,3,0.05,Sur,Hogar,Producto 6,Oficina,290,870,43.5,826.5
171,1,2024-05-28,55,2,4,0.0,Sur,Corporativo,Producto 2,Tecnología,640,2560,0.0,2560.0
171,2,2024-05-28,55,8,2,0.0,Sur,Corporativo,Producto 8,Oficina,180,360,0.0,360.0
171,3,2024-05-28,55,8,2,0.05,Sur,Corporativo,Producto 8,Oficina,180,360,18.0,342.0
172,1,2024-05-31,26,11,3,0.0,Centro,Pyme,Producto 11,Servicios,610,1830,0.0,1830.0
172,2,2024-05-31,26,12,5,0.0,Centro,Pyme,Producto 12,Servicios,490,2450,0.0,2450.0
173,1,2024-06-03,21,2,5,0.0,Centro,Hogar,Producto 2,Tecnología,640,3200,0.0,3200.0
173,2,2024-06-03,21,4,1,0.0,Centro,Hogar,Producto 4,Tecnología,460,460,0.0,460.0
174,1,2024-06-06,2,2,3,0.0,Norte,Pyme,Producto 2,Tecnología,640,1920,0.0,1920.0
175,1,2024-06-09,11,7,5,0.05,Norte,Pyme,Producto 7,Oficina,240,1200,60.0,1140.0
176,1,2024-06-12,45,4,1,0.0,Sur,Hogar,Producto 4,Tecnología,460,460,0.0,460.0
177,1,2024-06-15,12,7,1,0.05,Norte,Hogar,Producto 7,Oficina,240,240,12.0,228.0
177,2,2024-06-15,12,7,4,0.05,Norte,Hogar,Producto 7,Oficina,240,960,48.0,912.0
178,1,2024-06-18,22,10,1,0.0,Centro,Corporativo,Producto 10,Servicios,730,730,0.0,730.0
179,1,2024-06-21,51,6,3,0.0,Sur,Hogar,Producto 6,Oficina,290,870,0.0,870.0
179,2,2024-06-21,51,6,4,0.0,Sur,Hogar,Producto 6,Oficina,290,1160,0.0,1160.0
179,3,2024-06-21,51,2,4,0.1,Sur,Hogar,Producto 2,Tecnología,640,2560,256.0,2304.0
180,1,2024-06-24,57,11,3,0.1,Sur,Hogar,Producto 11,Servicios,610,1830,183.0,1647.0
180,2,2024-06-24,57,4,2,0.05,Sur,Hogar,Producto 4,Tecnología,460,920,46.0,874.0
180,3,2024-06-24,57,6,2,0.1,Sur,Hogar,Producto 6,Oficina,290,580,58.0,522.0
181,1,2024-06-27,29,7,3,0.0,Centro,Pyme,Producto 7,Oficina,240,720,0.0,720.0
181,2,2024-06-27,29,4,2,0.05,Centro,Pyme,Producto 4,Tecnología,460,920,46.0,874.0
181,3,2024-06-27,29,10,3,0.05,Centro,Pyme,Producto 10,Servicios,730,2190,109.5,2080.5
182,1,2024-06-30,29,4,3,0.1,Centro,Pyme,Producto 4,Tecnología,460,1380,138.0,1242.0
183,1,2024-07-03,4,3,4,0.0,Norte,Corporativo,Producto 3,Tecnología,510,2040,0.0,2040.0
183,2,2024-07-03,4,3,3,0.0,Norte,Corporativo,Producto 3,Tecnología,510,1530,0.0,1530.0
184,1,2024-07-06,5,6,4,0.05,Norte,Pyme,Producto 6,Oficina,290,1160,58.0,1102.0
184,2,2024-07-06,5,5,5,0.05,Norte,Pyme,Producto 5,Oficina,350,1750,87.5,1662.5
185,1,2024-07-09,2,6,2,0.0,Norte,Pyme,Producto 6,Oficina,290,580,0.0,580.0
186,1,2024-07-12,32,9,4,0.0,Centro,Pyme,Producto 9,Servicios,920,3680,0.0,3680.0
186,2,2024-07-12,32,6,2,0.0,Centro,Pyme,Producto 6,Oficina,290,580,0.0,580.0
187,1,2024-07-15,23,11,2,0.0,Centro,Pyme,Producto 11,Servicios,610,1220,0.0,1220.0
187,2,2024-07-15,23,6,4,0.0,Centro,Pyme,Producto 6,Oficina,290,1160,0.0,1160.0
188,1,2024-07-18,25,5,1,0.1,Centro,Corporativo,Producto 5,Oficina,350,350,35.0,315.0
188,2,2024-07-18,25,10,1,0.0,Centro,Corporativo,Producto 10,Servicios,730,730,0.0,730.0
189,1,2024-07-21,38,6,2,0.0,Centro,Pyme,Producto 6,Oficina,290,580,0.0,580.0
190,1,2024-07-24,52,3,4,0.05,Sur,Corporativo,Producto 3,Tecnología,510,2040,102.0,1938.0
190,2,2024-07-24,52,11,1,0.0,Sur,Corporativo,Producto 11,Servicios,610,610,0.0,610.0
191,1,2024-07-27,37,9,2,0.0,Centro,Corporativo,Producto 9,Servicios,920,1840,0.0,1840.0
191,2,2024-07-27,37,6,5,0.05,Centro,Corporativo,Producto 6,Oficina,290,1450,72.5,1377.5
192,1,2024-07-30,3,7,2,0.0,Norte,Hogar,Producto 7,Oficina,240,480,0.0,480.0
192,2,2024-07-30,3,4,2,0.1,Norte,Hogar,Producto 4,Tecnología,460,920,92.0,828.0
193,1,2024-08-02,50,7,4,0.0,Sur,Pyme,Producto 7,Oficina,240,960,0.0,960.0
193,2,2024-08-02,50,5,2,0.0,Sur,Pyme,Producto 5,Oficina,350,700,0.0,700.0
194,1,2024-08-05,51,4,4,0.0,Sur,Hogar,Producto 4,Tecnología,460,1840,0.0,1840.0
194,2,2024-08-05,51,11,1,0.0,Sur,Hogar,Producto 11,Servicios,610,610,0.0,610.0
194,3,2024-08-05,51,6,5,0.05,Sur,Hogar,Producto 6,Oficina,290,1450,72.5,1377.5
195,1,2024-08-08,43,2,4,0.0,Sur,Corporativo,Producto 2,Tecnología,640,2560,0.0,2560.0
195,2,2024-08-08,43,1,4,0.05,Sur,Corporativo,Producto 1,Tecnología,780,3120,156.0,2964.0
195,3,2024-08-08,43,4,4,0.1,Sur,Corporativo,Producto 4,Tecnología,460,1840,184.0,1656.0
196,1,2024-08-11,9,4,2,0.0,Norte,Hogar,Producto 4,Tecnología,460,920,0.0,920.0
196,2,2024-08-11,9,8,4,0.0,Norte,Hogar,Producto 8,Oficina,180,720,0.0,720.0
197,1,2024-08-14,11,9,4,0.0,Norte,Pyme,Producto 9,Servicios,920,3680,0.0,3680.0
198,1,2024-08-17,31,7,1,0.0,Centro,Corporativo,Producto 7,Oficina,240,240,0.0,240.0
198,2,2024-08-17,31,4,3,0.0,Centro,Corporativo,Producto 4,Tecnología,460,1380,0.0,1380.0
199,1,2024-08-20,23,1,2,0.05,Centro,Pyme,Producto 1,Tecnología,780,1560,78.0,1482.0
199,2,2024-08-20,23,7,2,0.0,Centro,Pyme,Producto 7,Oficina,240,480,0.0,480.0
200,1,2024-08-23,20,5,2,0.0,Norte,Pyme,Producto 5,Oficina,350,700,0.0,700.0
201,1,2024-08-26,43,7,5,0.0,Sur,Corporativo,Producto 7,Oficina,240,1200,0.0,1200.0
202,1,2024-08-29,50,5,3,0.1,Sur,Pyme,Producto 5,Oficina,350,1050,105.0,945.0
203,1,2024-09-01,33,3,4,0.1,Centro,Hogar,Producto 3,Tecnología,510,2040,204.0,1836.0
203,2,2024-09-01,33,1,2,0.1,Centro,Hogar,Producto 1,Tecnología,780,1560,156.0,1404.0
204,1,2024-09-04,21,4,3,0.0,Centro,Hogar,Producto 4,Tecnología,460,1380,0.0,1380.0
205,1,2024-09-07,12,1,1,0.0,Norte,Hogar,Producto 1,Tecnología,780,780,0.0,780.0
206,1,2024-09-10,58,2,2,0.05,Sur,Corporativo,Producto 2,Tecnología,640,1280,64.0,1216.0
207,1,2024-09-13,16,9,1,0.0,Norte,Corporativo,Producto 9,Servicios,920,920,0.0,920.0
207,2,2024-09-13,16,5,3,0.1,Norte,Corporativo,Producto 5,Oficina,350,1050,105.0,945.0
208,1,2024-09-16,6,7,5,0.1,Norte,Hogar,Producto 7,Oficina,240,1200,120.0,1080.0
208,2,2024-09-16,6,5,2,0.0,Norte,Hogar,Producto 5,Oficina,350,700,0.0,700.0
209,1,2024-09-19,44,4,3,0.05,Sur,Pyme,Producto 4,Tecnología,460,1380,69.0,1311.0
210,1,2024-09-22,60,9,2,0.0,Sur,Hogar,Producto 9,Servicios,920,1840,0.0,1840.0
211,1,2024-09-25,1,8,1,0.1,Norte,Corporativo,Producto 8,Oficina,180,180,18.0,162.0
212,1,2024-09-28,54,12,3,0.05,Sur,Hogar,Producto 12,Servicios,490,1470,73.5,1396.5
212,2,2024-09-28,54,7,3,0.0,Sur,Hogar,Producto 7,Oficina,240,720,0.0,720.0
212,3,2024-09-28,54,11,4,0.0,Sur,Hogar,Producto 11,Servicios,610,2440,0.0,2440.0
213,1,2024-10-01,58,10,2,0.0,Sur,Corporativo,Producto 10,Servicios,730,1460,0.0,1460.0
213,2,2024-10-01,58,6,5,0.05,Sur,Corporativo,Producto 6,Oficina,290,1450,72.5,1377.5
214,1,2024-10-04,14,7,3,0.05,Norte,Pyme,Producto 7,Oficina,240,720,36.0,684.0
214,2,2024-10-04,14,2,4,0.0,Norte,Pyme,Producto 2,Tecnología,640,2560,0.0,2560.0
214,3,2024-10-04,14,4,5,0.0,Norte,Pyme,Producto 4,Tecnología,460,2300,0.0,2300.0
215,1,2024-10-07,9,2,4,0.0,Norte,Hogar,Producto 2,Tecnología,640,2560,0.0,2560.0
216,1,2024-10-10,48,3,3,0.0,Sur,Hogar,Producto 3,Tecnología,510,1530,0.0,1530.0
216,2,2024-10-10,48,8,3,0.1,Sur,Hogar,Producto 8,Oficina,180,540,54.0,486.0
217,1,2024-10-13,34,3,4,0.05,Centro,Corporativo,Producto 3,Tecnología,510,2040,102.0,1938.0
217,2,2024-10-13,34,2,3,0.0,Centro,Corporativo,Producto 2,Tecnología,640,1920,0.0,1920.0
218,1,2024-10-16,21,7,1,0.0,Centro,Hogar,Producto 7,Oficina,240,240,0.0,240.0
218,2,2024-10-16,21,4,1,0.0,Centro,Hogar,Producto 4,Tecnología,460,460,0.0,460.0
219,1,2024-10-19,25,2,1,0.05,Centro,Corporativo,Producto 2,Tecnología,640,640,32.0,608.0
220,1,2024-10-22,47,9,5,0.05,Sur,Pyme,Producto 9,Servicios,920,4600,230.0,4370.0
220,2,2024-10-22,47,4,4,0.05,Sur,Pyme,Producto 4,Tecnología,460,1840,92.0,1748.0
220,3,2024-10-22,47,1,2,0.05,Sur,Pyme,Producto 1,Tecnología,780,1560,78.0,1482.0
221,1,2024-10-25,42,8,2,0.0,Sur,Hogar,Producto 8,Oficina,180,360,0.0,360.0
221,2,2024-10-25,42,9,5,0.05,Sur,Hogar,Producto 9,Servicios,920,4600,230.0,4370.0
222,1,2024-10-28,5,5,1,0.0,Norte,Pyme,Producto 5,Oficina,350,350,0.0,350.0
222,2,2024-10-28,5,4,1,0.0,Norte,Pyme,Producto 4,Tecnología,460,460,0.0,460.0
223,1,2024-10-31,27,11,4,0.0,Centro,Hogar,Producto 11,Servicios,610,2440,0.0,2440.0
223,2,2024-10-31,27,9,2,0.0,Centro,Hogar,Producto 9,Servicios,920,1840,0.0,1840.0
224,1,2024-11-03,35,5,5,0.0,Centro,Pyme,Producto 5,Oficina,350,1750,0.0,1750.0
224,2,2024-11-03,35,5,5,0.0,Centro,Pyme,Producto 5,Oficina,350,1750,0.0,1750.0
225,1,2024-11-06,21,5,4,0.0,Centro,Hogar,Producto 5,Oficina,350,1400,0.0,1400.0
225,2,2024-11-06,21,10,5,0.0,Centro,Hogar,Producto 10,Servicios,730,3650,0.0,3650.0
226,1,2024-11-09,39,3,4,0.1,Centro,Hogar,Producto 3,Tecnología,510,2040,204.0,1836.0
226,2,2024-11-09,39,1,5,0.0,Centro,Hogar,Producto 1,Tecnología,780,3900,0.0,3900.0
226,3,2024-11-09,39,5,2,0.05,Centro,Hogar,Producto 5,Oficina,350,700,35.0,665.0
227,1,2024-11-12,3,2,4,0.05,Norte,Hogar,Producto 2,Tecnología,640,2560,128.0,2432.0
228,1,2024-11-15,22,3,1,0.0,Centro,Corporativo,Producto 3,Tecnología,510,510,0.0,510.0
228,2,2024-11-15,22,2,3,0.0,Centro,Corporativo,Producto 2,Tecnología,640,1920,0.0,1920.0
229,1,2024-11-18,14,5,2,0.0,Norte,Pyme,Producto 5,Oficina,350,700,0.0,700.0
229,2,2024-11-18,14,5,3,0.05,Norte,Pyme,Producto 5,Oficina,350,1050,52.5,997.5
230,1,2024-11-21,25,6,4,0.05,Centro,Corporativo,Producto 6,Oficina,290,1160,58.0,1102.0
230,2,2024-11-21,25,10,5,0.05,Centro,Corporativo,Producto 10,Servicios,730,3650,182.5,3467.5
231,1,2024-11-24,55,6,1,0.0,Sur,Corporativo,Producto 6,Oficina,290,290,0.0,290.0
231,2,2024-11-24,55,6,3,0.05,Sur,Corporativo,Producto 6,Oficina,290,870,43.5,826.5
232,1,2024-11-27,6,1,4,0.05,Norte,Hogar,Producto 1,Tecnología,780,3120,156.0,2964.0
232,2,2024-11-27,6,8,5,0.05,Norte,Hogar,Producto 8,Oficina,180,900,45.0,855.0
233,1,2024-11-30,56,9,1,0.05,Sur,Pyme,Producto 9,Servicios,920,920,46.0,874.0
233,2,2024-11-30,56,10,2,0.05,Sur,Pyme,Producto 10,Servicios,730,1460,73.0,1387.0
233,3,2024-11-30,56,1,3,0.1,Sur,Pyme,Producto 1,Tecnología,780,2340,234.0,2106.0
234,1,2024-12-03,24,3,3,0.0,Centro,Hogar,Producto 3,Tecnología,510,1530,0.0,1530.0
235,1,2024-12-06,33,9,2,0.1,Centro,Hogar,Producto 9,Servicios,920,1840,184.0,1656.0
236,1,2024-12-09,40,5,5,0.0,Centro,Corporativo,Producto 5,Oficina,350,1750,0.0,1750.0
237,1,2024-12-12,25,1,3,0.0,Centro,Corporativo,Producto 1,Tecnología,780,2340,0.0,2340.0
237,2,2024-12-12,25,7,1,0.05,Centro,Corporativo,Producto 7,Oficina,240,240,12.0,228.0
238,1,2024-12-15,29,9,3,0.0,Centro,Pyme,Producto 9,Servicios,920,2760,0.0,2760.0
239,1,2024-12-18,23,12,5,0.0,Centro,Pyme,Producto 12,Servicios,490,2450,0.0,2450.0
240,1,2024-12-21,23,4,1,0.0,Centro,Pyme,Producto 4,Tecnología,460,460,0.0,460.0
240,2,2024-12-21,23,4,3,0.05,Centro,Pyme,Producto 4,Tecnología,460,1380,69.0,1311.0
