policy,scenario_id,probability,protected_seats,accepted_early_requests,high_fare_demand,accepted_high_fare,rejected_high_fare,empty_seats,low_fare_revenue,high_fare_revenue,total_revenue
accept_all,low,0.3,0,20,4,0,4,0,2000.0,0.0,2000.0
accept_all,medium,0.5,0,20,8,0,8,0,2000.0,0.0,2000.0
accept_all,high,0.2,0,20,12,0,12,0,2000.0,0.0,2000.0
recommended,low,0.3,8,12,4,4,0,4,1200.0,1200.0,2400.0
recommended,medium,0.5,8,12,8,8,0,0,1200.0,2400.0,3600.0
recommended,high,0.2,8,12,12,8,4,0,1200.0,2400.0,3600.0
protect_12,low,0.3,12,8,4,4,0,8,800.0,1200.0,2000.0
protect_12,medium,0.5,12,8,8,8,0,4,800.0,2400.0,3200.0
protect_12,high,0.2,12,8,12,12,0,0,800.0,3600.0,4400.0
