factory_id,factory_date,units_produced,average_hours_operational,machines_reported,employees,temp,humidity,pressure
1,2019-10-31,45123,22.1,10,110,-10,68,1010
1,2019-11-01,46817,22.6,10,110,19,75,1029
1,2019-11-02,44097,21.0,10,110,-9,62,1040
1,2019-11-03,44722,22.6,10,110,11,10,1031
1,2019-11-04,45508,21.8,10,110,-3,34,1032
1,2019-11-05,45464,22.0,10,110,-4,92,1030
1,2019-11-06,45619,22.4,10,110,-3,58,1029
1,2019-11-07,44797,22.2,10,110,6,7,1010
1,2019-11-08,43215,21.9,10,110,16,57,1027
1,2019-11-09,45905,21.9,10,110,17,32,1032
1,2019-11-10,44933,21.9,10,110,-6,13,1040
1,2019-11-11,45984,22.2,10,110,18,39,1025
1,2019-11-12,45094,22.8,10,110,5,13,1020
1,2019-11-13,44703,22.3,10,110,-2,75,1015
1,2019-11-14,44721,21.8,10,110,-6,91,1027
1,2019-11-15,44098,22.2,10,110,25,78,1038
1,2019-11-16,46873,21.9,10,110,11,39,1013
1,2019-11-17,45536,22.3,10,110,23,85,1037
1,2019-11-18,45210,22.3,10,110,-4,65,1013
1,2019-11-19,45491,21.8,10,110,8,60,1025
1,2019-11-20,45854,21.5,10,110,-1,11,1027
1,2019-11-21,45724,21.2,10,110,6,81,1020
1,2019-11-22,44869,22.5,10,110,13,92,1016
1,2019-11-23,44712,21.9,10,110,12,2,1035
1,2019-11-24,44728,22.0,10,110,5,100,1017
1,2019-11-25,44294,21.7,10,110,-3,53,1034
1,2019-11-26,46448,21.6,10,110,5,29,1011
1,2019-11-27,44680,23.0,10,110,-6,80,1035
1,2019-11-28,44885,22.0,10,110,-2,67,1011
1,2019-11-29,45697,22.5,10,110,1,26,1033
1,2019-11-30,44119,22.4,10,110,2,14,1022
1,2019-12-01,46113,21.6,10,110,-10,89,1015
1,2019-12-02,45262,22.7,10,110,12,65,1021
1,2019-12-03,44016,22.5,10,110,11,76,1038
1,2019-12-04,44771,21.5,10,110,13,54,1022
1,2019-12-05,44962,21.9,10,110,9,65,1020
1,2019-12-06,45559,21.5,10,110,-8,79,1031
1,2019-12-07,45745,21.9,10,110,-9,20,1021
1,2019-12-08,45078,20.8,10,110,-9,40,1026
1,2019-12-09,45113,21.2,10,110,10,67,1015
1,2019-12-10,45945,22.1,10,110,12,66,1026
1,2019-12-11,45115,22.0,10,110,22,13,1030
1,2019-12-12,45788,22.3,10,110,21,27,1012
1,2019-12-13,44307,22.3,10,110,10,74,1013
1,2019-12-14,43892,22.1,10,110,17,34,1035
1,2019-12-15,43918,22.3,10,110,19,57,1030
1,2019-12-16,44856,21.7,10,110,-1,32,1019
1,2019-12-17,45013,22.1,10,110,11,23,1039
1,2019-12-18,45066,22.5,10,110,21,39,1038
1,2019-12-19,43500,21.2,10,110,-6,2,1034
1,2019-12-20,46097,22.2,10,110,-1,27,1014
1,2019-12-21,45737,21.7,10,110,23,66,1018
1,2019-12-22,44065,22.3,10,110,18,64,1016
1,2019-12-23,47633,21.5,10,110,14,47,1025
1,2019-12-24,45749,21.6,10,110,0,59,1030
1,2019-12-25,44107,21.9,10,110,-3,48,1029
1,2019-12-26,47237,22.0,10,110,15,13,1019
1,2019-12-27,44972,21.3,10,110,-4,70,1011
1,2019-12-28,44579,22.5,10,110,-1,21,1015
1,2019-12-29,43982,21.8,10,110,-3,49,1026
1,2019-12-30,45975,21.8,10,110,21,62,1038
1,2019-12-31,46051,22.2,10,110,25,91,1014
1,2020-01-01,45847,21.0,10,110,13,10,1037
1,2020-01-02,46431,22.3,10,110,-6,9,1012
1,2020-01-03,46000,21.7,10,110,4,24,1022
1,2020-01-04,45831,22.1,10,110,16,44,1029
1,2020-01-05,44925,21.3,10,110,16,12,1013
1,2020-01-06,45648,22.1,10,110,11,51,1021
1,2020-01-07,43942,22.4,10,110,-4,98,1020
1,2020-01-08,44240,22.1,10,110,20,8,1031
1,2020-01-09,43826,21.9,10,110,7,93,1032
1,2020-01-10,43570,21.2,10,110,12,91,1022
1,2020-01-11,44604,22.1,10,110,19,86,1019
1,2020-01-12,44648,22.9,10,110,7,45,1029
1,2020-01-13,45629,21.7,10,110,13,57,1022
1,2020-01-14,45136,20.9,10,110,15,33,1037
1,2020-01-15,45916,21.8,10,110,13,94,1024
1,2020-01-16,45384,22.4,10,110,-10,15,1034
1,2020-01-17,43886,22.5,10,110,20,35,1013
1,2020-01-18,45748,21.9,10,110,11,17,1034
1,2020-01-19,45393,22.4,10,110,-9,41,1023
1,2020-01-20,45500,21.8,10,110,-3,42,1020
1,2020-01-21,44655,21.4,10,110,-3,88,1030
1,2020-01-22,45806,22.1,10,110,24,40,1027
1,2020-01-23,44617,21.4,10,110,3,59,1031
1,2020-01-24,45039,21.7,10,110,10,100,1013
1,2020-01-25,46308,22.0,10,110,4,13,1022
1,2020-01-26,43035,22.8,10,110,20,14,1036
1,2020-01-27,43873,21.3,10,110,6,34,1020
1,2020-01-28,45813,21.6,10,110,19,5,1019
1,2020-01-29,45381,21.7,10,110,19,12,1035
1,2020-01-30,43937,21.5,10,110,25,68,1033
1,2020-01-31,45539,22.7,10,110,13,44,1039
1,2020-02-01,44274,21.9,10,110,4,91,1023
1,2020-02-02,45483,22.1,10,110,18,77,1039
1,2020-02-03,44953,21.6,10,110,8,52,1032
1,2020-02-04,44637,22.5,10,110,5,71,1030
1,2020-02-05,44576,21.4,10,110,12,9,1026
1,2020-02-06,44415,21.6,10,110,9,71,1015
1,2020-02-07,45157,22.5,10,110,-4,99,1036
1,2020-02-08,42791,21.8,10,110,-10,35,1035
1,2020-02-09,44294,22.0,10,110,10,75,1033
1,2020-02-10,44906,22.0,10,110,-2,46,1033
1,2020-02-11,43781,21.9,10,110,13,86,1024
1,2020-02-12,44881,22.2,10,110,3,93,1025
1,2020-02-13,45046,22.5,10,110,13,49,1031
1,2020-02-14,44566,22.4,10,110,20,44,1024
1,2020-02-15,44484,21.9,10,110,16,64,1021
1,2020-02-16,43727,22.2,10,110,-9,30,1038
1,2020-02-17,45029,21.8,10,110,3,9,1033
1,2020-02-18,45730,22.6,10,110,20,95,1017
1,2020-02-19,43637,21.7,10,110,21,6,1033
1,2020-02-20,46213,22.3,10,110,-2,60,1033
1,2020-02-21,44961,22.1,10,110,-8,83,1019
1,2020-02-22,44576,22.5,10,110,8,64,1034
1,2020-02-23,44326,21.9,10,110,2,4,1025
1,2020-02-24,44723,21.8,10,110,15,98,1032
1,2020-02-25,43316,22.9,10,110,23,67,1040
1,2020-02-26,44706,22.8,10,110,-6,56,1020
1,2020-02-27,45628,21.7,10,110,-9,47,1010
1,2020-02-28,44778,21.8,10,110,-4,96,1040
1,2020-02-29,44009,21.6,10,110,-9,87,1016
1,2020-03-01,44775,22.6,10,110,-7,53,1040
1,2020-03-02,45416,21.8,10,110,0,8,1021
1,2020-03-03,44684,22.1,10,110,2,2,1034
1,2020-03-04,44969,21.6,10,110,13,70,1022
1,2020-03-05,45604,21.4,10,110,-6,47,1023
1,2020-03-06,45437,22.0,10,110,25,78,1018
1,2020-03-07,45824,21.7,10,110,-3,99,1011
1,2020-03-08,44654,22.7,10,110,24,54,1010
1,2020-03-09,44452,21.1,10,110,11,15,1020
1,2020-03-10,44715,22.8,10,110,-10,52,1040
1,2020-03-11,47176,22.5,10,110,13,88,1038
1,2020-03-12,43224,22.1,10,110,0,92,1021
1,2020-03-13,44792,21.6,10,110,16,84,1026
1,2020-03-14,44952,21.9,10,110,7,85,1031
1,2020-03-15,44775,21.4,10,110,-6,96,1014
1,2020-03-16,44583,21.7,10,110,1,32,1011
1,2020-03-17,44389,22.5,10,110,16,30,1023
1,2020-03-18,43366,22.2,10,110,8,43,1015
1,2020-03-19,46249,22.5,10,110,23,68,1022
1,2020-03-20,46222,22.4,10,110,4,50,1020
1,2020-03-21,43134,21.8,10,110,-1,67,1014
1,2020-03-22,46498,22.1,10,110,21,32,1011
1,2020-03-23,44244,22.2,10,110,-4,26,1020
1,2020-03-24,45575,22.6,10,110,25,57,1036
1,2020-03-25,43596,22.9,10,110,0,100,1028
1,2020-03-26,43848,21.0,10,110,2,1,1025
1,2020-03-27,46210,22.5,10,110,0,1,1034
1,2020-03-28,43716,21.1,10,110,10,81,1019
1,2020-03-29,44363,22.0,10,110,13,100,1035
1,2020-03-30,46594,21.3,10,110,9,72,1023
1,2020-03-31,44511,21.9,10,110,-6,87,1032
1,2020-04-01,45229,22.0,10,110,24,56,1027
1,2020-04-02,44569,23.0,10,110,-7,38,1012
1,2020-04-03,43495,22.0,10,110,16,32,1039
1,2020-04-04,44055,22.6,10,110,22,30,1017
1,2020-04-05,45704,22.1,10,110,14,32,1023
1,2020-04-06,45599,21.8,10,110,17,30,1036
1,2020-04-07,44198,22.1,10,110,11,79,1010
1,2020-04-08,46112,22.6,10,110,16,32,1015
1,2020-04-09,45554,21.9,10,110,8,87,1038
1,2020-04-10,45226,22.1,10,110,4,21,1022
1,2020-04-11,43658,21.7,10,110,1,51,1012
1,2020-04-12,45193,22.4,10,110,23,43,1013
1,2020-04-13,45197,22.1,10,110,-4,80,1038
1,2020-04-14,44749,22.0,10,110,-6,49,1040
1,2020-04-15,45970,22.3,10,110,19,38,1040
1,2020-04-16,43807,21.4,10,110,19,58,1040
1,2020-04-17,44897,21.3,10,110,8,48,1017
1,2020-04-18,44395,22.1,10,110,5,75,1031
1,2020-04-19,43997,21.8,10,110,11,50,1021
1,2020-04-20,45205,22.5,10,110,-2,89,1040
1,2020-04-21,44123,21.8,10,110,-5,47,1039
1,2020-04-22,45214,22.3,10,110,14,68,1028
1,2020-04-23,44121,22.0,10,110,7,95,1012
1,2020-04-24,47003,22.2,10,110,1,15,1037
1,2020-04-25,46884,21.9,10,110,4,97,1026
1,2020-04-26,45644,21.5,10,110,9,38,1022
1,2020-04-27,42625,21.3,10,110,-6,65,1015
1,2020-04-28,44569,21.7,10,110,12,31,1015
1,2020-04-29,45788,22.7,10,110,6,51,1021
1,2020-04-30,45866,22.2,10,110,9,88,1038
1,2020-05-01,45981,21.9,10,110,-1,90,1020
1,2020-05-02,43544,21.9,10,110,-8,90,1025
1,2020-05-03,43423,21.2,10,110,15,75,1023
1,2020-05-04,44145,22.0,10,110,18,72,1020
1,2020-05-05,45086,21.5,10,110,7,98,1011
1,2020-05-06,46025,21.7,10,110,2,80,1017
1,2020-05-07,44917,22.1,10,110,1,42,1023
1,2020-05-08,45181,22.0,10,110,-6,9,1015
1,2020-05-09,45905,22.1,10,110,15,84,1014
1,2020-05-10,44687,21.8,10,110,9,6,1029
1,2020-05-11,45235,21.8,10,110,22,29,1012
1,2020-05-12,44413,22.4,10,110,16,37,1015
1,2020-05-13,45393,22.3,10,110,16,52,1012
1,2020-05-14,43457,21.9,10,110,14,96,1031
1,2020-05-15,45260,22.8,10,110,19,60,1034
1,2020-05-16,44464,22.1,10,110,1,13,1040
1,2020-05-17,43473,22.1,10,110,-5,79,1025
1,2020-05-18,45057,22.4,10,110,10,19,1020
1,2020-05-19,44722,22.3,10,110,23,50,1040
1,2020-05-20,43664,21.9,10,110,18,87,1025
1,2020-05-21,45110,22.2,10,110,22,62,1029
1,2020-05-22,45712,22.1,10,110,-8,3,1023
1,2020-05-23,45788,21.6,10,110,5,100,1011
1,2020-05-24,45172,22.4,10,110,15,26,1026
1,2020-05-25,45109,21.9,10,110,15,16,1025
1,2020-05-26,45748,22.0,10,110,17,5,1017
1,2020-05-27,44800,21.6,10,110,19,33,1026
1,2020-05-28,45456,22.4,10,110,19,66,1013
1,2020-05-29,45930,22.9,10,110,24,85,1028
1,2020-05-30,43431,22.1,10,110,4,95,1030
1,2020-05-31,45081,21.6,10,110,-10,75,1037
1,2020-06-01,44715,22.1,10,110,10,66,1027
1,2020-06-02,44986,21.8,10,110,-9,72,1039
1,2020-06-03,43782,21.9,10,110,6,81,1026
1,2020-06-04,45256,20.9,10,110,-10,65,1033
1,2020-06-05,44397,22.5,10,110,-2,22,1033
1,2020-06-06,44867,21.2,10,110,6,32,1021
1,2020-06-07,44549,22.2,10,110,0,80,1024
1,2020-06-08,44114,21.5,10,110,10,46,1024
1,2020-06-09,45208,22.4,10,110,0,0,1023
1,2020-06-10,46320,21.8,10,110,12,73,1028
1,2020-06-11,44379,22.6,10,110,-1,11,1026
1,2020-06-12,44639,22.1,10,110,-2,58,1026
1,2020-06-13,44991,22.2,10,110,24,74,1036
1,2020-06-14,45700,21.5,10,110,22,32,1016
1,2020-06-15,44873,21.7,10,110,-5,7,1035
1,2020-06-16,43540,22.1,10,110,-6,34,1021
1,2020-06-17,43148,22.7,10,110,6,18,1026
1,2020-06-18,43744,21.5,10,110,2,23,1026
1,2020-06-19,46154,22.0,10,110,-3,28,1022
1,2020-06-20,45010,22.2,10,110,-4,4,1029
1,2020-06-21,45538,22.4,10,110,-2,34,1029
1,2020-06-22,45071,21.9,10,110,-7,3,1031
1,2020-06-23,44534,22.7,10,110,6,4,1026
1,2020-06-24,46385,22.0,10,110,22,37,1015
1,2020-06-25,42880,22.7,10,110,3,78,1028
1,2020-06-26,46129,21.6,10,110,9,4,1014
1,2020-06-27,44448,21.8,10,110,1,11,1031
1,2020-06-28,46351,21.3,10,110,2,54,1014
1,2020-06-29,44568,23.0,10,110,10,75,1012
1,2020-06-30,44799,21.9,10,110,9,97,1014
1,2020-07-01,47275,22.7,10,110,24,12,1036
1,2020-07-02,45154,21.9,10,110,22,98,1012
1,2020-07-03,44879,21.6,10,110,-8,37,1012
1,2020-07-04,46086,22.6,10,110,2,10,1034
1,2020-07-05,46734,22.1,10,110,-9,50,1015
1,2020-07-06,44316,22.1,10,110,-4,34,1020
1,2020-07-07,44291,22.3,10,110,25,86,1021
1,2020-07-08,44937,21.8,10,110,8,29,1032
1,2020-07-09,45551,22.6,10,110,-4,91,1012
1,2020-07-10,45428,22.0,10,110,4,64,1034
1,2020-07-11,44306,22.3,10,110,4,56,1035
1,2020-07-12,44461,22.2,10,110,10,88,1013
1,2020-07-13,46734,22.5,10,110,-8,97,1038
1,2020-07-14,45938,22.3,10,110,12,56,1026
1,2020-07-15,44589,22.3,10,110,8,0,1012
1,2020-07-16,45604,22.1,10,110,-9,59,1019
1,2020-07-17,46507,21.9,10,110,13,13,1031
1,2020-07-18,45606,21.5,10,110,23,66,1031
1,2020-07-19,44819,22.2,10,110,-6,98,1025
1,2020-07-20,44880,22.2,10,110,19,99,1025
1,2020-07-21,45901,21.6,10,110,-8,21,1025
1,2020-07-22,44036,22.5,10,110,-7,58,1025
1,2020-07-23,43104,22.4,10,110,8,20,1023
1,2020-07-24,43391,21.4,10,110,19,89,1027
1,2020-07-25,45391,22.2,10,110,7,30,1026
1,2020-07-26,44878,22.6,10,110,-4,56,1026
1,2020-07-27,43361,22.3,10,110,13,47,1024
1,2020-07-28,45899,22.1,10,110,-8,7,1014
1,2020-07-29,46194,22.3,10,110,23,77,1034
1,2020-07-30,44992,22.2,10,110,0,39,1010
1,2020-07-31,44262,22.4,10,110,14,22,1011
1,2020-08-01,43872,21.1,10,110,2,69,1014
1,2020-08-02,44947,22.5,10,110,11,46,1013
1,2020-08-03,45935,21.7,10,110,24,22,1035
1,2020-08-04,45786,20.8,10,110,-4,58,1017
1,2020-08-05,44936,21.6,10,110,1,48,1019
1,2020-08-06,45497,22.9,10,110,9,24,1029
1,2020-08-07,45570,22.0,10,110,5,83,1039
1,2020-08-08,44988,22.1,10,110,19,96,1019
1,2020-08-09,44715,22.2,10,110,-9,20,1031
1,2020-08-10,43590,21.1,10,110,23,42,1029
1,2020-08-11,45673,22.0,10,110,15,16,1012
1,2020-08-12,43486,20.8,10,110,9,62,1037
1,2020-08-13,45361,21.7,10,110,-2,83,1020
1,2020-08-14,44472,22.3,10,110,-6,26,1011
1,2020-08-15,45581,22.0,10,110,-8,20,1034
1,2020-08-16,46385,21.4,10,110,-6,100,1025
1,2020-08-17,44011,22.5,10,110,-2,10,1023
1,2020-08-18,44673,21.5,10,110,23,64,1017
1,2020-08-19,45004,22.8,10,110,-10,89,1025
1,2020-08-20,45680,21.9,10,110,-6,87,1010
1,2020-08-21,45186,21.7,10,110,14,14,1025
1,2020-08-22,43895,22.6,10,110,24,3,1023
1,2020-08-23,44751,21.8,10,110,1,86,1033
1,2020-08-24,46312,21.6,10,110,15,94,1014
1,2020-08-25,44759,21.0,10,110,11,86,1011
1,2020-08-26,44416,22.3,10,110,3,32,1028
1,2020-08-27,44490,21.5,10,110,13,98,1038
1,2020-08-28,44610,21.2,10,110,18,77,1010
1,2020-08-29,47182,21.1,10,110,-4,64,1029
1,2020-08-30,43813,23.1,10,110,5,79,1038
1,2020-08-31,44151,22.1,10,110,21,71,1034
1,2020-09-01,45914,21.6,10,110,15,26,1035
1,2020-09-02,45598,21.7,10,110,20,16,1022
1,2020-09-03,46159,21.8,10,110,11,45,1038
1,2020-09-04,45523,21.2,10,110,0,22,1025
1,2020-09-05,45449,21.4,10,110,7,1,1014
1,2020-09-06,46498,22.4,10,110,1,31,1034
1,2020-09-07,43978,22.6,10,110,-5,25,1014
1,2020-09-08,45613,22.0,10,110,6,76,1011
1,2020-09-09,45148,23.0,10,110,20,29,1039
1,2020-09-10,44600,22.3,10,110,25,19,1021
1,2020-09-11,44433,21.8,10,110,-3,88,1039
1,2020-09-12,46142,22.2,10,110,12,12,1035
1,2020-09-13,44295,22.1,10,110,0,28,1016
1,2020-09-14,45951,21.2,10,110,1,2,1011
1,2020-09-15,44044,22.9,10,110,8,50,1013
1,2020-09-16,44433,22.2,10,110,5,28,1012
1,2020-09-17,42726,22.3,10,110,3,95,1017
1,2020-09-18,44940,22.2,10,110,25,58,1034
1,2020-09-19,45741,21.5,10,110,2,82,1019
1,2020-09-20,45701,22.1,10,110,-1,36,1036
1,2020-09-21,45809,21.5,10,110,23,68,1039
1,2020-09-22,44203,22.3,10,110,2,16,1018
1,2020-09-23,43629,22.3,10,110,2,58,1023
1,2020-09-24,42568,22.1,10,110,13,37,1011
1,2020-09-25,46487,22.9,10,110,21,72,1014
1,2020-09-26,45469,21.9,10,110,12,93,1017
1,2020-09-27,44570,21.4,10,110,17,3,1032
1,2020-09-28,43496,21.7,10,110,1,98,1035
1,2020-09-29,44399,21.6,10,110,22,87,1016
1,2020-09-30,45047,22.2,10,110,-2,92,1020
1,2020-10-01,44941,21.8,10,110,12,65,1034
1,2020-10-02,45973,21.5,10,110,-9,79,1013
1,2020-10-03,44693,22.4,10,110,-9,86,1023
1,2020-10-04,45032,21.5,10,110,7,44,1024
1,2020-10-05,44204,21.6,10,110,3,15,1017
1,2020-10-06,44692,21.8,10,110,10,54,1036
1,2020-10-07,45535,22.1,10,110,-9,19,1035
1,2020-10-08,45321,22.3,10,110,15,18,1028
1,2020-10-09,44685,21.6,10,110,13,90,1029
1,2020-10-10,42540,21.8,10,110,20,69,1024
1,2020-10-11,45507,22.1,10,110,16,94,1029
1,2020-10-12,43938,21.4,10,110,6,47,1035
1,2020-10-13,44447,22.8,10,110,15,40,1037
1,2020-10-14,43877,22.3,10,110,1,64,1019
1,2020-10-15,43461,21.7,10,110,15,17,1016
1,2020-10-16,44020,22.0,10,110,-2,71,1023
1,2020-10-17,46091,21.1,10,110,1,44,1019
1,2020-10-18,43103,20.8,10,110,10,35,1037
1,2020-10-19,45403,22.2,10,110,12,31,1025
1,2020-10-20,44746,22.5,10,110,1,40,1020
1,2020-10-21,43969,21.7,10,110,-2,27,1014
1,2020-10-22,45079,21.3,10,110,5,31,1040
1,2020-10-23,44369,21.4,10,110,10,74,1023
1,2020-10-24,44030,22.5,10,110,10,92,1011
1,2020-10-25,45764,22.7,10,110,22,35,1038
1,2020-10-26,46172,21.6,10,110,19,7,1024
1,2020-10-27,46150,22.1,10,110,-3,21,1027
1,2020-10-28,45125,21.8,10,110,23,18,1031
1,2020-10-29,45161,22.2,10,110,9,31,1010
1,2020-10-30,45258,22.2,10,110,13,23,1035
1,2020-10-31,44864,22.4,10,110,4,94,1037
2,2019-10-31,34513,19.9,10,110,-24,41,1022
2,2019-11-01,36504,21.2,10,110,-5,40,1023
2,2019-11-02,34867,20.1,10,110,12,43,1038
2,2019-11-03,36013,21.1,10,110,-26,39,1040
2,2019-11-04,36510,21.0,10,110,-19,51,1021
2,2019-11-05,35942,20.1,10,110,-2,2,1013
2,2019-11-06,35910,21.0,10,110,-5,3,1033
2,2019-11-07,35954,20.8,10,110,-22,52,1040
2,2019-11-08,37235,19.9,10,110,-8,45,1016
2,2019-11-09,36261,21.8,10,110,11,37,1023
2,2019-11-10,36589,19.1,10,110,-22,53,1029
2,2019-11-11,34291,20.9,10,110,-17,1,1015
2,2019-11-12,35593,20.8,10,110,-5,27,1025
2,2019-11-13,35714,18.3,10,110,-22,17,1029
2,2019-11-14,36428,19.6,10,110,-13,21,1032
2,2019-11-15,36447,19.6,10,110,-24,27,1036
2,2019-11-16,35603,21.5,10,110,-27,18,1029
2,2019-11-17,34745,20.4,10,110,-16,14,1015
2,2019-11-18,35979,21.6,10,110,-21,31,1035
2,2019-11-19,35915,21.7,10,110,-22,0,1010
2,2019-11-20,35198,20.2,10,110,7,12,1023
2,2019-11-21,36588,19.9,10,110,-11,57,1024
2,2019-11-22,35228,20.4,10,110,-17,18,1029
2,2019-11-23,36864,22.3,10,110,-16,26,1020
2,2019-11-24,34623,20.4,10,110,4,41,1011
2,2019-11-25,34727,20.7,10,110,-26,60,1017
2,2019-11-26,35535,20.6,10,110,-10,8,1024
2,2019-11-27,35286,20.8,10,110,-1,47,1023
2,2019-11-28,35869,20.9,10,110,-12,57,1038
2,2019-11-29,34937,20.4,10,110,13,40,1040
2,2019-11-30,35139,20.9,10,110,-23,46,1032
2,2019-12-01,36265,20.4,10,110,-29,50,1035
2,2019-12-02,36814,19.8,10,110,-8,26,1034
2,2019-12-03,35420,21.4,10,110,-31,18,1018
2,2019-12-04,36476,20.7,10,110,7,52,1015
2,2019-12-05,35293,21.0,10,110,-12,29,1031
2,2019-12-06,34704,20.4,10,110,0,43,1025
2,2019-12-07,35391,20.5,10,110,-5,28,1021
2,2019-12-08,35137,21.5,10,110,-16,1,1021
2,2019-12-09,35279,19.8,10,110,-24,14,1039
2,2019-12-10,36677,19.8,10,110,-25,58,1022
2,2019-12-11,36374,20.8,10,110,11,19,1020
2,2019-12-12,35603,20.2,10,110,-2,3,1040
2,2019-12-13,36034,20.5,10,110,-1,45,1024
2,2019-12-14,35666,21.0,10,110,8,55,1033
2,2019-12-15,34404,20.4,10,110,-18,41,1039
2,2019-12-16,35826,19.1,10,110,-9,35,1024
2,2019-12-17,34736,19.6,10,110,-8,22,1026
2,2019-12-18,35816,20.8,10,110,-18,5,1024
2,2019-12-19,35530,19.8,10,110,2,10,1021
2,2019-12-20,35279,19.0,10,110,-1,12,1026
2,2019-12-21,34141,20.3,10,110,-33,48,1010
2,2019-12-22,35773,21.0,10,110,0,22,1030
2,2019-12-23,35576,19.7,10,110,-4,56,1018
2,2019-12-24,36265,21.7,10,110,0,3,1039
2,2019-12-25,35576,19.1,10,110,-33,49,1037
2,2019-12-26,35942,20.7,10,110,-14,38,1035
2,2019-12-27,35707,18.6,10,110,-16,42,1025
2,2019-12-28,35013,19.7,10,110,-15,24,1039
2,2019-12-29,35464,20.5,10,110,-22,0,1034
2,2019-12-30,35837,19.8,10,110,0,46,1022
2,2019-12-31,36580,22.1,10,110,2,2,1033
2,2020-01-01,35824,20.5,10,110,-27,50,1037
2,2020-01-02,34921,21.1,10,110,-24,50,1023
2,2020-01-03,35205,20.6,10,110,-15,4,1025
2,2020-01-04,35577,20.8,10,110,-29,29,1024
2,2020-01-05,35805,19.8,10,110,1,39,1034
2,2020-01-06,36183,19.5,10,110,-1,17,1040
2,2020-01-07,36615,20.5,10,110,-29,23,1015
2,2020-01-08,36489,20.5,10,110,11,54,1027
2,2020-01-09,35243,20.8,10,110,1,49,1017
2,2020-01-10,35392,19.5,10,110,-13,29,1030
2,2020-01-11,35421,20.3,10,110,-24,28,1013
2,2020-01-12,36438,21.5,10,110,-9,30,1031
2,2020-01-13,34305,21.0,10,110,-35,14,1030
2,2020-01-14,35049,19.6,10,110,-20,20,1036
2,2020-01-15,35206,20.5,10,110,13,48,1017
2,2020-01-16,35082,20.2,10,110,-13,21,1016
2,2020-01-17,34374,21.8,10,110,-18,36,1021
2,2020-01-18,34276,20.6,10,110,-33,1,1016
2,2020-01-19,36203,19.8,10,110,13,20,1012
2,2020-01-20,35362,20.2,10,110,-3,38,1038
2,2020-01-21,36709,20.8,10,110,-18,27,1024
2,2020-01-22,35412,19.5,10,110,5,26,1021
2,2020-01-23,36331,19.8,10,110,-15,42,1030
2,2020-01-24,34952,20.7,10,110,5,45,1024
2,2020-01-25,35114,20.5,10,110,-18,31,1016
2,2020-01-26,35231,20.5,10,110,-31,55,1019
2,2020-01-27,34859,20.0,10,110,-13,0,1012
2,2020-01-28,35790,20.3,10,110,-31,16,1012
2,2020-01-29,36279,20.5,10,110,-19,52,1025
2,2020-01-30,35002,21.0,10,110,14,49,1011
2,2020-01-31,35438,19.3,10,110,-23,34,1037
2,2020-02-01,34347,20.4,10,110,-6,10,1016
2,2020-02-02,35302,20.4,10,110,-19,19,1018
2,2020-02-03,35265,20.3,10,110,-31,60,1021
2,2020-02-04,35663,20.5,10,110,-23,17,1012
2,2020-02-05,35256,21.0,10,110,-5,37,1022
2,2020-02-06,35134,20.4,10,110,-5,35,1021
2,2020-02-07,37167,21.2,10,110,-32,53,1021
2,2020-02-08,35978,19.6,10,110,-30,47,1027
2,2020-02-09,35497,20.5,10,110,-22,52,1031
2,2020-02-10,36008,20.6,10,110,11,8,1028
2,2020-02-11,36353,21.1,10,110,-17,54,1022
2,2020-02-12,35311,20.4,10,110,13,9,1029
2,2020-02-13,35114,21.0,10,110,-29,40,1037
2,2020-02-14,36728,20.3,10,110,-2,7,1031
2,2020-02-15,35322,21.3,10,110,6,11,1028
2,2020-02-16,35311,20.0,10,110,-13,50,1040
2,2020-02-17,35778,20.5,10,110,7,29,1036
2,2020-02-18,35821,20.5,10,110,-12,10,1040
2,2020-02-19,35271,19.7,10,110,-25,40,1035
2,2020-02-20,35226,20.2,10,110,-30,37,1032
2,2020-02-21,34956,20.0,10,110,-25,44,1016
2,2020-02-22,35322,20.1,10,110,1,54,1018
2,2020-02-23,36240,22.1,10,110,12,44,1037
2,2020-02-24,35334,21.8,10,110,-35,9,1028
2,2020-02-25,34983,20.6,10,110,-6,15,1017
2,2020-02-26,34729,21.2,10,110,-17,12,1013
2,2020-02-27,35303,20.9,10,110,-21,6,1024
2,2020-02-28,35548,21.2,10,110,13,10,1023
2,2020-02-29,36427,20.4,10,110,1,42,1033
2,2020-03-01,36364,19.6,10,110,7,46,1040
2,2020-03-02,35074,21.0,10,110,6,33,1018
2,2020-03-03,35677,20.6,10,110,-26,17,1019
2,2020-03-04,35271,20.1,10,110,-12,41,1030
2,2020-03-05,35589,20.0,10,110,-9,52,1024
2,2020-03-06,35750,21.1,10,110,0,1,1025
2,2020-03-07,36151,19.6,10,110,9,19,1018
2,2020-03-08,34608,20.0,10,110,-17,22,1024
2,2020-03-09,34859,21.4,10,110,14,59,1031
2,2020-03-10,35770,20.3,10,110,3,29,1011
2,2020-03-11,35929,20.2,10,110,-34,31,1014
2,2020-03-12,36352,19.5,10,110,14,26,1016
2,2020-03-13,35923,21.6,10,110,-18,31,1011
2,2020-03-14,36214,19.0,10,110,11,21,1025
2,2020-03-15,36780,20.0,10,110,-5,7,1040
2,2020-03-16,35048,20.6,10,110,-31,8,1034
2,2020-03-17,35167,19.7,10,110,-35,45,1022
2,2020-03-18,35214,20.7,10,110,12,43,1025
2,2020-03-19,34602,20.6,10,110,4,50,1017
2,2020-03-20,35725,19.6,10,110,13,42,1027
2,2020-03-21,35973,20.2,10,110,-1,32,1025
2,2020-03-22,34961,20.2,10,110,-34,14,1030
2,2020-03-23,35815,20.4,10,110,0,26,1029
2,2020-03-24,34422,21.8,10,110,-33,13,1024
2,2020-03-25,35640,20.7,10,110,4,22,1039
2,2020-03-26,36077,20.8,10,110,-15,45,1017
2,2020-03-27,35266,20.0,10,110,-19,11,1040
2,2020-03-28,35153,19.6,10,110,-25,19,1010
2,2020-03-29,35147,20.0,10,110,-16,8,1034
2,2020-03-30,35908,19.6,10,110,10,5,1029
2,2020-03-31,36331,19.1,10,110,-19,28,1027
2,2020-04-01,35386,20.5,10,110,-9,50,1014
2,2020-04-02,33906,19.8,10,110,-29,28,1029
2,2020-04-03,36172,20.7,10,110,9,53,1036
2,2020-04-04,35159,19.8,10,110,-17,24,1038
2,2020-04-05,36065,20.1,10,110,-6,25,1028
2,2020-04-06,35721,21.8,10,110,8,12,1028
2,2020-04-07,35510,20.6,10,110,-22,59,1034
2,2020-04-08,35579,20.0,10,110,-33,24,1036
2,2020-04-09,36924,21.6,10,110,-27,50,1016
2,2020-04-10,36308,21.6,10,110,-23,58,1021
2,2020-04-11,35759,20.4,10,110,10,39,1021
2,2020-04-12,35395,20.6,10,110,1,57,1014
2,2020-04-13,35118,21.3,10,110,-14,6,1021
2,2020-04-14,35533,19.8,10,110,-5,37,1035
2,2020-04-15,35630,18.8,10,110,-21,51,1025
2,2020-04-16,35057,20.4,10,110,6,18,1023
2,2020-04-17,35539,20.8,10,110,5,38,1025
2,2020-04-18,35798,20.8,10,110,-18,38,1032
2,2020-04-19,36488,20.8,10,110,12,2,1012
2,2020-04-20,34625,19.6,10,110,-26,17,1025
2,2020-04-21,35949,20.6,10,110,-34,28,1016
2,2020-04-22,34030,21.5,10,110,-6,33,1020
2,2020-04-23,36475,19.9,10,110,0,54,1015
2,2020-04-24,36253,21.4,10,110,-7,18,1015
2,2020-04-25,36574,20.4,10,110,12,24,1036
2,2020-04-26,34994,20.4,10,110,8,44,1020
2,2020-04-27,35204,20.2,10,110,-29,0,1014
2,2020-04-28,35425,19.7,10,110,13,13,1029
2,2020-04-29,36671,19.6,10,110,12,32,1013
2,2020-04-30,35233,20.8,10,110,-13,31,1010
2,2020-05-01,35842,18.6,10,110,-15,49,1037
2,2020-05-02,36161,20.3,10,110,-24,58,1035
2,2020-05-03,36001,20.4,10,110,-8,57,1030
2,2020-05-04,34869,20.8,10,110,6,12,1018
2,2020-05-05,36675,22.7,10,110,-30,44,1027
2,2020-05-06,35257,21.1,10,110,-30,12,1029
2,2020-05-07,35711,20.3,10,110,-23,53,1039
2,2020-05-08,35434,20.3,10,110,-20,51,1011
2,2020-05-09,34910,19.8,10,110,-25,9,1012
2,2020-05-10,34726,20.3,10,110,-17,51,1027
2,2020-05-11,35058,20.3,10,110,0,60,1013
2,2020-05-12,35848,19.7,10,110,15,14,1011
2,2020-05-13,35209,20.6,10,110,8,36,1025
2,2020-05-14,34960,20.7,10,110,-23,58,1019
2,2020-05-15,35307,21.2,10,110,8,25,1020
2,2020-05-16,35862,19.7,10,110,7,2,1036
2,2020-05-17,35774,20.7,10,110,-3,2,1025
2,2020-05-18,34870,22.2,10,110,-15,28,1016
2,2020-05-19,35704,20.4,10,110,-28,59,1024
2,2020-05-20,35047,20.7,10,110,-11,18,1021
2,2020-05-21,35743,22.2,10,110,-1,56,1018
2,2020-05-22,35954,19.9,10,110,11,51,1033
2,2020-05-23,34606,20.8,10,110,5,21,1012
2,2020-05-24,36026,20.9,10,110,4,45,1021
2,2020-05-25,34282,19.0,10,110,-13,2,1038
2,2020-05-26,35287,19.5,10,110,-14,27,1024
2,2020-05-27,35152,20.7,10,110,-4,2,1040
2,2020-05-28,35979,20.5,10,110,8,44,1040
2,2020-05-29,35661,20.7,10,110,-30,20,1017
2,2020-05-30,34356,20.9,10,110,6,16,1030
2,2020-05-31,34910,21.2,10,110,-9,5,1037
2,2020-06-01,35412,21.4,10,110,-10,56,1030
2,2020-06-02,36497,20.6,10,110,-27,28,1038
2,2020-06-03,36230,21.3,10,110,-19,30,1021
2,2020-06-04,35430,20.4,10,110,-31,48,1035
2,2020-06-05,35064,20.1,10,110,-7,0,1027
2,2020-06-06,34562,19.5,10,110,11,8,1033
2,2020-06-07,35583,20.6,10,110,-3,22,1027
2,2020-06-08,36979,20.3,10,110,14,10,1025
2,2020-06-09,35542,19.9,10,110,-23,34,1036
2,2020-06-10,35912,21.3,10,110,7,35,1039
2,2020-06-11,34862,20.6,10,110,-19,44,1014
2,2020-06-12,35698,21.2,10,110,15,4,1035
2,2020-06-13,36534,20.7,10,110,13,38,1020
2,2020-06-14,35763,19.9,10,110,-13,7,1017
2,2020-06-15,35914,20.6,10,110,-33,58,1023
2,2020-06-16,34242,20.0,10,110,-16,32,1028
2,2020-06-17,35503,19.4,10,110,-11,46,1021
2,2020-06-18,34781,21.0,10,110,9,37,1015
2,2020-06-19,35804,21.3,10,110,11,25,1040
2,2020-06-20,35679,20.4,10,110,0,54,1011
2,2020-06-21,34907,20.2,10,110,-8,12,1016
2,2020-06-22,34813,21.0,10,110,-30,6,1010
2,2020-06-23,35912,20.0,10,110,3,27,1025
2,2020-06-24,34727,21.4,10,110,12,55,1029
2,2020-06-25,35772,20.0,10,110,-9,57,1040
2,2020-06-26,35568,19.1,10,110,-31,52,1016
2,2020-06-27,34294,21.1,10,110,6,26,1016
2,2020-06-28,36301,21.0,10,110,-2,22,1021
2,2020-06-29,34113,20.6,10,110,-33,21,1017
2,2020-06-30,34975,20.8,10,110,-32,50,1010
2,2020-07-01,35320,19.1,10,110,-30,24,1015
2,2020-07-02,35586,20.4,10,110,-25,29,1034
2,2020-07-03,35515,19.3,10,110,-18,32,1037
2,2020-07-04,36930,20.7,10,110,-27,55,1010
2,2020-07-05,35540,20.2,10,110,-15,50,1038
2,2020-07-06,34325,20.1,10,110,6,37,1011
2,2020-07-07,36146,20.4,10,110,-29,22,1014
2,2020-07-08,35162,20.8,10,110,-3,33,1026
2,2020-07-09,34204,20.3,10,110,-4,53,1030
2,2020-07-10,36097,19.5,10,110,-17,59,1031
2,2020-07-11,35183,21.0,10,110,-33,36,1029
2,2020-07-12,36027,20.7,10,110,-21,19,1036
2,2020-07-13,34325,19.8,10,110,-26,39,1020
2,2020-07-14,35142,19.5,10,110,-2,29,1022
2,2020-07-15,35353,20.3,10,110,-7,5,1032
2,2020-07-16,34933,21.2,10,110,-6,14,1021
2,2020-07-17,34780,19.6,10,110,1,46,1037
2,2020-07-18,37114,19.4,10,110,-34,19,1029
2,2020-07-19,35309,21.4,10,110,-28,14,1028
2,2020-07-20,35261,21.7,10,110,-8,32,1013
2,2020-07-21,35776,21.5,10,110,8,39,1027
2,2020-07-22,34892,19.7,10,110,-14,5,1012
2,2020-07-23,34813,20.2,10,110,-4,13,1012
2,2020-07-24,35259,20.6,10,110,-19,37,1034
2,2020-07-25,35195,19.8,10,110,15,46,1014
2,2020-07-26,35051,21.3,10,110,4,43,1030
2,2020-07-27,35706,20.6,10,110,9,54,1037
2,2020-07-28,36065,19.9,10,110,-14,46,1013
2,2020-07-29,35815,20.7,10,110,9,39,1012
2,2020-07-30,36004,20.6,10,110,-33,51,1032
2,2020-07-31,34368,22.0,10,110,-7,2,1033
2,2020-08-01,35725,20.8,10,110,11,50,1039
2,2020-08-02,34206,20.3,10,110,-11,9,1015
2,2020-08-03,36349,20.2,10,110,-14,31,1016
2,2020-08-04,35523,21.1,10,110,-9,13,1024
2,2020-08-05,36464,21.2,10,110,-22,37,1010
2,2020-08-06,35273,19.4,10,110,-1,23,1022
2,2020-08-07,34809,19.4,10,110,-34,42,1037
2,2020-08-08,35368,20.0,10,110,-4,25,1010
2,2020-08-09,35132,20.0,10,110,5,56,1026
2,2020-08-10,35310,19.6,10,110,-15,20,1016
2,2020-08-11,35805,20.5,10,110,-19,20,1014
2,2020-08-12,35779,19.2,10,110,11,20,1037
2,2020-08-13,35414,20.1,10,110,-28,34,1037
2,2020-08-14,35517,20.3,10,110,-12,42,1037
2,2020-08-15,35391,20.4,10,110,13,34,1024
2,2020-08-16,34955,20.2,10,110,9,55,1038
2,2020-08-17,35144,20.3,10,110,-14,7,1024
2,2020-08-18,35258,20.1,10,110,1,20,1036
2,2020-08-19,35012,20.8,10,110,-14,18,1016
2,2020-08-20,35966,20.7,10,110,2,28,1015
2,2020-08-21,34510,20.7,10,110,-10,35,1019
2,2020-08-22,35452,20.1,10,110,-8,11,1014
2,2020-08-23,35901,20.1,10,110,4,43,1014
2,2020-08-24,35212,21.0,10,110,1,46,1032
2,2020-08-25,35823,20.6,10,110,6,41,1031
2,2020-08-26,34801,19.5,10,110,-6,25,1039
2,2020-08-27,36342,20.7,10,110,-34,50,1013
2,2020-08-28,34623,21.1,10,110,-13,15,1013
2,2020-08-29,35750,19.4,10,110,-20,5,1040
2,2020-08-30,35263,21.8,10,110,-20,7,1020
2,2020-08-31,35523,22.3,10,110,-30,17,1014
2,2020-09-01,35683,19.8,10,110,-31,40,1014
2,2020-09-02,36053,20.0,10,110,12,2,1022
2,2020-09-03,35653,20.8,10,110,7,6,1018
2,2020-09-04,35574,19.6,10,110,-13,49,1035
2,2020-09-05,36546,19.8,10,110,-25,60,1019
2,2020-09-06,35145,21.0,10,110,-30,3,1036
2,2020-09-07,34273,19.9,10,110,-12,39,1031
2,2020-09-08,35498,20.9,10,110,13,40,1027
2,2020-09-09,35766,20.1,10,110,0,21,1023
2,2020-09-10,35532,21.2,10,110,-21,25,1010
2,2020-09-11,36098,20.3,10,110,-25,37,1036
2,2020-09-12,36194,21.1,10,110,-24,7,1010
2,2020-09-13,35634,19.3,10,110,-27,10,1027
2,2020-09-14,34350,19.8,10,110,14,42,1014
2,2020-09-15,36364,17.8,10,110,-4,1,1018
2,2020-09-16,35149,20.2,10,110,2,29,1032
2,2020-09-17,35589,20.8,10,110,4,36,1015
2,2020-09-18,35669,21.2,10,110,3,2,1015
2,2020-09-19,35250,19.7,10,110,15,37,1035
2,2020-09-20,35788,20.8,10,110,9,56,1023
2,2020-09-21,35449,19.9,10,110,11,42,1039
2,2020-09-22,35675,20.5,10,110,-11,1,1019
2,2020-09-23,36717,21.3,10,110,12,47,1024
2,2020-09-24,35996,20.1,10,110,-9,11,1022
2,2020-09-25,34330,21.1,10,110,-33,51,1037
2,2020-09-26,35945,20.4,10,110,7,56,1020
2,2020-09-27,35730,21.7,10,110,-35,18,1030
2,2020-09-28,35727,21.1,10,110,-17,12,1027
2,2020-09-29,34513,19.7,10,110,-18,33,1022
2,2020-09-30,35265,21.3,10,110,4,60,1020
2,2020-10-01,35293,20.0,10,110,-1,46,1033
2,2020-10-02,35319,21.4,10,110,12,34,1032
2,2020-10-03,35041,20.3,10,110,-16,52,1015
2,2020-10-04,35170,20.1,10,110,-22,8,1028
2,2020-10-05,35484,18.9,10,110,-12,55,1012
2,2020-10-06,34181,19.9,10,110,7,59,1031
2,2020-10-07,35987,21.1,10,110,-9,47,1015
2,2020-10-08,35803,20.1,10,110,-33,11,1032
2,2020-10-09,34947,21.4,10,110,-27,12,1029
2,2020-10-10,35233,20.5,10,110,-23,38,1028
2,2020-10-11,35707,20.1,10,110,-27,40,1024
2,2020-10-12,34750,21.3,10,110,-21,17,1026
2,2020-10-13,35395,19.8,10,110,-31,53,1028
2,2020-10-14,34955,19.8,10,110,-28,9,1035
2,2020-10-15,36418,21.1,10,110,-34,10,1027
2,2020-10-16,35251,21.6,10,110,15,37,1012
2,2020-10-17,35254,21.6,10,110,2,31,1019
2,2020-10-18,35302,20.0,10,110,-34,15,1035
2,2020-10-19,36302,20.8,10,110,-3,49,1033
2,2020-10-20,35857,19.6,10,110,6,45,1025
2,2020-10-21,35592,19.0,10,110,-16,23,1020
2,2020-10-22,35952,20.7,10,110,8,6,1040
2,2020-10-23,35001,20.9,10,110,14,48,1018
2,2020-10-24,36141,19.4,10,110,-2,36,1013
2,2020-10-25,34276,21.0,10,110,-34,34,1024
2,2020-10-26,35602,20.2,10,110,3,31,1014
2,2020-10-27,34952,21.5,10,110,-17,6,1011
2,2020-10-28,36084,20.0,10,110,-30,26,1012
2,2020-10-29,35728,19.0,10,110,-23,5,1012
2,2020-10-30,35941,20.8,10,110,-32,12,1033
2,2020-10-31,35182,20.4,10,110,-35,32,1027
3,2019-10-31,46356,22.5,10,110,14,11,1036
3,2019-11-01,46268,22.6,10,110,22,54,1036
3,2019-11-02,45400,21.7,10,110,0,43,1038
3,2019-11-03,44653,21.8,10,110,-4,67,1030
3,2019-11-04,44500,22.2,10,110,1,9,1032
3,2019-11-05,44149,22.5,10,110,24,25,1024
3,2019-11-06,44877,21.7,10,110,17,23,1023
3,2019-11-07,44336,22.3,10,110,9,14,1011
3,2019-11-08,44620,22.4,10,110,5,22,1040
3,2019-11-09,45238,21.4,10,110,3,74,1031
3,2019-11-10,47190,22.1,10,110,21,2,1014
3,2019-11-11,45708,22.8,10,110,4,64,1030
3,2019-11-12,46595,22.3,10,110,11,43,1031
3,2019-11-13,45748,21.7,10,110,6,10,1038
3,2019-11-14,45276,21.8,10,110,10,69,1032
3,2019-11-15,45504,22.4,10,110,22,5,1040
3,2019-11-16,44313,21.7,10,110,7,33,1028
3,2019-11-17,44966,22.2,10,110,25,81,1024
3,2019-11-18,45338,22.0,10,110,18,61,1038
3,2019-11-19,46215,21.9,10,110,-1,37,1010
3,2019-11-20,44814,22.1,10,110,20,97,1019
3,2019-11-21,45496,22.2,10,110,13,27,1023
3,2019-11-22,45508,21.9,10,110,-3,33,1039
3,2019-11-23,45322,21.2,10,110,5,78,1019
3,2019-11-24,45238,21.8,10,110,13,51,1034
3,2019-11-25,45335,22.1,10,110,-7,2,1040
3,2019-11-26,43087,22.0,10,110,-6,29,1038
3,2019-11-27,45987,22.7,10,110,-9,40,1037
3,2019-11-28,44911,22.2,10,110,3,87,1023
3,2019-11-29,44226,21.6,10,110,2,90,1036
3,2019-11-30,46602,21.9,10,110,5,93,1016
3,2019-12-01,45056,22.2,10,110,0,38,1021
3,2019-12-02,44492,22.3,10,110,23,58,1021
3,2019-12-03,45500,22.1,10,110,10,58,1033
3,2019-12-04,43092,21.8,10,110,5,62,1030
3,2019-12-05,44465,22.4,10,110,-7,76,1015
3,2019-12-06,45249,22.5,10,110,6,29,1027
3,2019-12-07,45179,22.4,10,110,-2,6,1012
3,2019-12-08,44267,21.6,10,110,23,44,1026
3,2019-12-09,46188,21.9,10,110,-10,4,1010
3,2019-12-10,44025,21.8,10,110,-1,75,1014
3,2019-12-11,44299,21.9,10,110,11,44,1030
3,2019-12-12,44825,22.3,10,110,-2,6,1036
3,2019-12-13,44871,22.1,10,110,24,89,1013
3,2019-12-14,45384,22.1,10,110,1,97,1026
3,2019-12-15,46178,22.4,10,110,-4,35,1011
3,2019-12-16,44565,21.5,10,110,24,100,1025
3,2019-12-17,44475,21.9,10,110,20,36,1014
3,2019-12-18,44316,22.5,10,110,18,31,1033
3,2019-12-19,46073,22.9,10,110,-8,64,1032
3,2019-12-20,43436,22.5,10,110,13,47,1021
3,2019-12-21,45109,21.5,10,110,16,43,1015
3,2019-12-22,43875,22.7,10,110,-2,10,1012
3,2019-12-23,45700,22.0,10,110,19,57,1035
3,2019-12-24,44250,22.1,10,110,-10,78,1013
3,2019-12-25,44143,22.9,10,110,-8,74,1027
3,2019-12-26,46489,22.2,10,110,-5,63,1018
3,2019-12-27,44376,21.7,10,110,17,92,1033
3,2019-12-28,45255,22.3,10,110,-9,0,1037
3,2019-12-29,43519,21.3,10,110,-2,38,1028
3,2019-12-30,43980,21.9,10,110,10,31,1039
3,2019-12-31,45825,22.1,10,110,10,23,1032
3,2020-01-01,46115,22.5,10,110,19,51,1027
3,2020-01-02,45263,22.1,10,110,25,77,1014
3,2020-01-03,44391,21.5,10,110,-5,72,1034
3,2020-01-04,43766,22.5,10,110,4,75,1021
3,2020-01-05,45712,22.5,10,110,20,6,1036
3,2020-01-06,46009,22.7,10,110,4,22,1018
3,2020-01-07,45181,22.7,10,110,25,17,1033
3,2020-01-08,43136,21.8,10,110,-2,99,1023
3,2020-01-09,43982,21.8,10,110,23,89,1020
3,2020-01-10,45066,22.5,10,110,25,53,1029
3,2020-01-11,45570,21.7,10,110,-9,55,1028
3,2020-01-12,44826,21.9,10,110,14,49,1012
3,2020-01-13,44604,21.6,10,110,-8,17,1037
3,2020-01-14,46196,21.5,10,110,0,18,1024
3,2020-01-15,45258,21.9,10,110,3,98,1033
3,2020-01-16,46460,21.6,10,110,5,46,1027
3,2020-01-17,45451,21.4,10,110,25,33,1013
3,2020-01-18,43095,22.0,10,110,16,66,1021
3,2020-01-19,46725,22.1,10,110,15,70,1020
3,2020-01-20,44529,21.9,10,110,20,19,1038
3,2020-01-21,45890,21.4,10,110,4,30,1019
3,2020-01-22,45239,22.8,10,110,14,72,1031
3,2020-01-23,47312,22.8,10,110,2,4,1015
3,2020-01-24,44516,22.7,10,110,15,25,1025
3,2020-01-25,44471,21.3,10,110,-8,80,1034
3,2020-01-26,44136,21.9,10,110,9,54,1017
3,2020-01-27,44068,22.3,10,110,10,81,1039
3,2020-01-28,45976,22.7,10,110,-6,71,1035
3,2020-01-29,46290,22.8,10,110,19,88,1030
3,2020-01-30,44585,22.2,10,110,11,84,1037
3,2020-01-31,46115,22.0,10,110,17,55,1027
3,2020-02-01,46701,22.4,10,110,10,80,1012
3,2020-02-02,44455,22.0,10,110,1,73,1032
3,2020-02-03,45179,22.4,10,110,11,28,1039
3,2020-02-04,45406,21.8,10,110,24,40,1010
3,2020-02-05,43295,22.1,10,110,11,18,1018
3,2020-02-06,46100,22.0,10,110,23,50,1027
3,2020-02-07,44747,22.5,10,110,12,6,1012
3,2020-02-08,45187,21.5,10,110,8,34,1018
3,2020-02-09,46280,21.8,10,110,-8,7,1027
3,2020-02-10,42816,21.3,10,110,7,66,1011
3,2020-02-11,46621,20.9,10,110,17,60,1039
3,2020-02-12,43997,21.8,10,110,-9,22,1040
3,2020-02-13,43374,22.7,10,110,16,23,1026
3,2020-02-14,44476,21.3,10,110,-4,48,1025
3,2020-02-15,45685,21.9,10,110,7,97,1036
3,2020-02-16,46137,21.8,10,110,4,48,1033
3,2020-02-17,46990,21.2,10,110,0,3,1011
3,2020-02-18,44894,21.9,10,110,9,0,1030
3,2020-02-19,45712,21.5,10,110,19,13,1013
3,2020-02-20,44623,21.9,10,110,15,25,1011
3,2020-02-21,44151,21.4,10,110,25,63,1012
3,2020-02-22,44509,21.8,10,110,8,76,1033
3,2020-02-23,45102,21.4,10,110,3,57,1036
3,2020-02-24,45357,22.0,10,110,24,31,1033
3,2020-02-25,44367,22.5,10,110,24,80,1037
3,2020-02-26,44655,22.2,10,110,15,26,1020
3,2020-02-27,43629,21.4,10,110,3,46,1015
3,2020-02-28,45225,21.6,10,110,-2,71,1021
3,2020-02-29,44832,21.6,10,110,0,99,1024
3,2020-03-01,45832,22.0,10,110,-4,43,1026
3,2020-03-02,44959,22.2,10,110,24,28,1021
3,2020-03-03,44817,22.3,10,110,-5,94,1024
3,2020-03-04,43897,21.6,10,110,3,94,1034
3,2020-03-05,45347,22.3,10,110,19,8,1035
3,2020-03-06,43882,21.7,10,110,9,82,1021
3,2020-03-07,44943,21.4,10,110,-5,57,1028
3,2020-03-08,45080,22.2,10,110,6,26,1011
3,2020-03-09,45471,22.5,10,110,19,79,1013
3,2020-03-10,44333,21.9,10,110,21,88,1031
3,2020-03-11,43844,22.0,10,110,22,71,1018
3,2020-03-12,46103,22.0,10,110,7,36,1010
3,2020-03-13,45210,21.2,10,110,-5,73,1016
3,2020-03-14,43743,22.0,10,110,14,18,1038
3,2020-03-15,44633,22.3,10,110,23,69,1038
3,2020-03-16,44076,22.1,10,110,23,86,1022
3,2020-03-17,45200,22.3,10,110,2,15,1031
3,2020-03-18,45522,21.8,10,110,9,85,1037
3,2020-03-19,44806,21.7,10,110,-2,3,1031
3,2020-03-20,46512,21.7,10,110,-8,91,1033
3,2020-03-21,44035,22.6,10,110,4,70,1032
3,2020-03-22,45472,21.5,10,110,-1,50,1019
3,2020-03-23,44997,22.3,10,110,21,84,1030
3,2020-03-24,44926,22.1,10,110,12,2,1022
3,2020-03-25,44271,21.6,10,110,-7,4,1024
3,2020-03-26,44045,21.4,10,110,9,61,1025
3,2020-03-27,44111,22.1,10,110,6,3,1021
3,2020-03-28,44802,21.2,10,110,15,60,1011
3,2020-03-29,45640,22.0,10,110,-7,43,1034
3,2020-03-30,45276,21.9,10,110,8,17,1035
3,2020-03-31,43936,21.6,10,110,-4,37,1016
3,2020-04-01,46013,21.6,10,110,0,97,1025
3,2020-04-02,46162,21.9,10,110,4,33,1021
3,2020-04-03,46294,21.8,10,110,18,74,1029
3,2020-04-04,43217,21.9,10,110,25,10,1029
3,2020-04-05,45369,21.4,10,110,-1,1,1021
3,2020-04-06,44734,22.2,10,110,16,14,1021
3,2020-04-07,45391,22.4,10,110,-5,3,1038
3,2020-04-08,43869,21.7,10,110,14,50,1012
3,2020-04-09,44675,21.7,10,110,-1,86,1023
3,2020-04-10,45084,22.2,10,110,-7,84,1016
3,2020-04-11,45292,21.9,10,110,-6,51,1029
3,2020-04-12,44016,22.0,10,110,13,42,1036
3,2020-04-13,44500,22.1,10,110,-1,53,1013
3,2020-04-14,43717,22.1,10,110,-4,62,1027
3,2020-04-15,44701,21.8,10,110,8,56,1026
3,2020-04-16,44143,23.2,10,110,-2,64,1020
3,2020-04-17,45654,21.8,10,110,1,1,1027
3,2020-04-18,46389,22.2,10,110,12,27,1015
3,2020-04-19,44953,22.9,10,110,17,8,1015
3,2020-04-20,43891,21.5,10,110,-7,42,1010
3,2020-04-21,44559,21.3,10,110,22,34,1025
3,2020-04-22,44706,22.1,10,110,-6,63,1021
3,2020-04-23,44755,22.1,10,110,-1,73,1032
3,2020-04-24,45847,22.0,10,110,24,25,1038
3,2020-04-25,44713,21.9,10,110,-8,70,1015
3,2020-04-26,45398,21.5,10,110,0,92,1039
3,2020-04-27,45599,21.4,10,110,24,32,1010
3,2020-04-28,45553,22.4,10,110,18,79,1019
3,2020-04-29,43709,22.5,10,110,15,96,1031
3,2020-04-30,45007,21.5,10,110,12,45,1031
3,2020-05-01,46739,21.9,10,110,-9,89,1040
3,2020-05-02,45075,22.0,10,110,14,13,1021
3,2020-05-03,44883,21.5,10,110,15,58,1021
3,2020-05-04,44649,21.5,10,110,20,52,1021
3,2020-05-05,45696,22.3,10,110,-1,65,1030
3,2020-05-06,44022,22.0,10,110,23,78,1014
3,2020-05-07,45078,22.2,10,110,-2,17,1023
3,2020-05-08,44121,21.5,10,110,-2,58,1036
3,2020-05-09,45202,21.5,10,110,9,29,1017
3,2020-05-10,44980,21.7,10,110,21,55,1030
3,2020-05-11,44244,22.2,10,110,0,76,1032
3,2020-05-12,43742,22.3,10,110,20,59,1033
3,2020-05-13,45499,22.3,10,110,19,67,1017
3,2020-05-14,45413,22.0,10,110,21,49,1015
3,2020-05-15,45383,21.6,10,110,-9,96,1023
3,2020-05-16,44684,22.9,10,110,-9,53,1013
3,2020-05-17,45264,21.5,10,110,25,14,1039
3,2020-05-18,43975,22.1,10,110,21,95,1038
3,2020-05-19,46602,22.3,10,110,-4,74,1016
3,2020-05-20,45438,22.5,10,110,-2,69,1017
3,2020-05-21,44534,22.9,10,110,8,22,1034
3,2020-05-22,44967,21.8,10,110,15,92,1023
3,2020-05-23,44525,22.2,10,110,13,40,1026
3,2020-05-24,45050,21.9,10,110,10,88,1026
3,2020-05-25,44336,21.7,10,110,4,89,1024
3,2020-05-26,44930,21.8,10,110,22,48,1019
3,2020-05-27,43088,21.6,10,110,23,94,1020
3,2020-05-28,45273,22.7,10,110,8,23,1012
3,2020-05-29,43030,22.0,10,110,-9,41,1020
3,2020-05-30,44536,22.4,10,110,20,66,1020
3,2020-05-31,47129,22.2,10,110,-4,56,1025
3,2020-06-01,44890,22.1,10,110,23,71,1024
3,2020-06-02,45363,21.5,10,110,17,12,1040
3,2020-06-03,44708,21.9,10,110,-6,30,1014
3,2020-06-04,44417,22.7,10,110,-2,21,1012
3,2020-06-05,43906,22.1,10,110,14,17,1040
3,2020-06-06,46483,22.1,10,110,20,75,1018
3,2020-06-07,44154,22.3,10,110,22,36,1024
3,2020-06-08,46560,21.7,10,110,-1,81,1017
3,2020-06-09,46445,21.9,10,110,-10,55,1032
3,2020-06-10,46390,22.0,10,110,25,72,1027
3,2020-06-11,44563,21.7,10,110,24,97,1010
3,2020-06-12,45503,22.0,10,110,3,62,1024
3,2020-06-13,46161,22.7,10,110,21,55,1031
3,2020-06-14,45195,21.8,10,110,16,3,1040
3,2020-06-15,45092,22.7,10,110,13,85,1027
3,2020-06-16,47265,22.1,10,110,22,71,1026
3,2020-06-17,45273,21.6,10,110,20,93,1028
3,2020-06-18,45636,22.6,10,110,0,59,1025
3,2020-06-19,44215,22.2,10,110,8,37,1010
3,2020-06-20,45353,21.9,10,110,14,97,1028
3,2020-06-21,46696,22.4,10,110,24,69,1012
3,2020-06-22,46493,21.5,10,110,9,10,1019
3,2020-06-23,43679,22.5,10,110,-7,76,1037
3,2020-06-24,45729,22.0,10,110,-5,98,1027
3,2020-06-25,43894,22.2,10,110,-9,98,1015
3,2020-06-26,45205,22.4,10,110,-9,31,1019
3,2020-06-27,45274,21.8,10,110,2,72,1014
3,2020-06-28,46051,21.5,10,110,23,39,1018
3,2020-06-29,45559,22.1,10,110,10,10,1027
3,2020-06-30,46224,21.8,10,110,1,72,1018
3,2020-07-01,43792,21.9,10,110,19,38,1037
3,2020-07-02,44869,21.4,10,110,-7,16,1027
3,2020-07-03,44817,22.3,10,110,-9,49,1025
3,2020-07-04,46326,21.7,10,110,18,12,1040
3,2020-07-05,45229,22.3,10,110,-3,14,1022
3,2020-07-06,45048,22.1,10,110,4,75,1034
3,2020-07-07,43816,22.6,10,110,-2,0,1027
3,2020-07-08,45098,22.3,10,110,4,20,1022
3,2020-07-09,43691,22.8,10,110,11,100,1030
3,2020-07-10,46035,22.0,10,110,17,16,1029
3,2020-07-11,46255,21.3,10,110,9,44,1025
3,2020-07-12,46030,21.7,10,110,12,37,1033
3,2020-07-13,45274,22.0,10,110,17,61,1019
3,2020-07-14,46431,22.2,10,110,22,51,1016
3,2020-07-15,44806,21.7,10,110,18,55,1027
3,2020-07-16,45391,22.2,10,110,-6,87,1032
3,2020-07-17,44618,21.9,10,110,-8,6,1030
3,2020-07-18,46009,21.9,10,110,-1,84,1026
3,2020-07-19,43810,22.3,10,110,15,92,1019
3,2020-07-20,45975,22.9,10,110,12,39,1035
3,2020-07-21,45969,22.1,10,110,13,56,1031
3,2020-07-22,44694,22.2,10,110,4,44,1031
3,2020-07-23,46138,22.4,10,110,20,81,1015
3,2020-07-24,45232,21.6,10,110,-6,2,1020
3,2020-07-25,44737,22.0,10,110,12,90,1038
3,2020-07-26,45107,21.2,10,110,-6,57,1017
3,2020-07-27,45159,21.2,10,110,14,72,1039
3,2020-07-28,45121,21.9,10,110,10,30,1011
3,2020-07-29,44363,22.6,10,110,-7,41,1012
3,2020-07-30,44784,22.3,10,110,17,7,1016
3,2020-07-31,45954,21.7,10,110,-7,73,1029
3,2020-08-01,44885,22.0,10,110,0,78,1013
3,2020-08-02,44019,22.3,10,110,7,46,1026
3,2020-08-03,45139,21.9,10,110,4,62,1018
3,2020-08-04,43096,20.9,10,110,-6,56,1012
3,2020-08-05,46808,22.7,10,110,11,66,1029
3,2020-08-06,45424,22.4,10,110,25,97,1024
3,2020-08-07,44781,22.3,10,110,24,71,1013
3,2020-08-08,44130,22.1,10,110,1,67,1038
3,2020-08-09,44155,22.0,10,110,-2,65,1031
3,2020-08-10,45443,22.5,10,110,7,81,1027
3,2020-08-11,46371,22.1,10,110,12,56,1040
3,2020-08-12,43979,22.1,10,110,1,76,1032
3,2020-08-13,44121,21.5,10,110,-4,60,1029
3,2020-08-14,44685,22.3,10,110,8,80,1017
3,2020-08-15,45682,22.4,10,110,-1,15,1019
3,2020-08-16,44579,21.9,10,110,-9,100,1029
3,2020-08-17,46077,22.6,10,110,3,100,1017
3,2020-08-18,45186,22.5,10,110,-4,50,1029
3,2020-08-19,46509,22.3,10,110,4,26,1014
3,2020-08-20,43093,21.4,10,110,-7,44,1019
3,2020-08-21,43887,21.5,10,110,1,80,1026
3,2020-08-22,43815,22.1,10,110,12,72,1037
3,2020-08-23,43759,20.7,10,110,18,44,1022
3,2020-08-24,45960,22.7,10,110,-5,79,1033
3,2020-08-25,44619,22.8,10,110,8,46,1011
3,2020-08-26,44729,21.7,10,110,-9,80,1039
3,2020-08-27,44389,22.2,10,110,20,68,1018
3,2020-08-28,44956,22.1,10,110,-10,87,1027
3,2020-08-29,45692,22.4,10,110,7,96,1038
3,2020-08-30,43366,22.5,10,110,14,92,1039
3,2020-08-31,45149,21.4,10,110,24,15,1012
3,2020-09-01,47201,21.9,10,110,3,1,1011
3,2020-09-02,44236,21.3,10,110,23,30,1018
3,2020-09-03,43995,21.1,10,110,15,25,1012
3,2020-09-04,46732,21.9,10,110,-9,74,1015
3,2020-09-05,45169,21.7,10,110,22,91,1036
3,2020-09-06,43873,21.7,10,110,-8,49,1012
3,2020-09-07,46989,22.2,10,110,21,80,1021
3,2020-09-08,44132,21.6,10,110,25,63,1027
3,2020-09-09,45350,22.4,10,110,-10,24,1035
3,2020-09-10,47243,22.4,10,110,9,56,1027
3,2020-09-11,45679,21.8,10,110,-9,93,1028
3,2020-09-12,46743,21.7,10,110,4,95,1011
3,2020-09-13,45766,22.7,10,110,-5,54,1028
3,2020-09-14,44978,21.0,10,110,-7,17,1019
3,2020-09-15,44961,21.5,10,110,-5,89,1016
3,2020-09-16,45130,22.0,10,110,22,89,1011
3,2020-09-17,43395,21.7,10,110,-1,46,1027
3,2020-09-18,45378,22.1,10,110,-2,41,1015
3,2020-09-19,44551,22.3,10,110,-3,54,1023
3,2020-09-20,44665,21.3,10,110,20,52,1033
3,2020-09-21,44097,21.7,10,110,24,18,1015
3,2020-09-22,42841,22.2,10,110,6,64,1021
3,2020-09-23,45462,22.0,10,110,-2,62,1039
3,2020-09-24,44810,22.4,10,110,-4,61,1014
3,2020-09-25,45389,22.6,10,110,7,38,1012
3,2020-09-26,46255,22.5,10,110,16,15,1015
3,2020-09-27,45449,22.7,10,110,-1,32,1010
3,2020-09-28,45717,22.2,10,110,20,73,1011
3,2020-09-29,43036,22.1,10,110,0,52,1022
3,2020-09-30,44905,21.8,10,110,13,51,1018
3,2020-10-01,44990,21.9,10,110,0,85,1011
3,2020-10-02,44872,22.1,10,110,4,72,1021
3,2020-10-03,45613,21.4,10,110,24,95,1027
3,2020-10-04,45057,22.3,10,110,-9,28,1031
3,2020-10-05,45391,22.3,10,110,-2,80,1011
3,2020-10-06,45060,21.9,10,110,-3,79,1026
3,2020-10-07,45929,21.9,10,110,-5,28,1039
3,2020-10-08,43295,21.7,10,110,-3,92,1015
3,2020-10-09,44825,22.0,10,110,1,61,1036
3,2020-10-10,44841,21.8,10,110,9,16,1021
3,2020-10-11,46793,21.0,10,110,14,43,1014
3,2020-10-12,44909,22.0,10,110,1,51,1011
3,2020-10-13,44427,22.2,10,110,12,46,1032
3,2020-10-14,44601,21.5,10,110,20,21,1022
3,2020-10-15,45434,21.5,10,110,4,76,1019
3,2020-10-16,45612,21.3,10,110,16,3,1035
3,2020-10-17,44937,21.9,10,110,23,22,1020
3,2020-10-18,44504,22.2,10,110,-8,70,1037
3,2020-10-19,44924,22.3,10,110,20,67,1030
3,2020-10-20,45901,21.2,10,110,-6,95,1012
3,2020-10-21,44565,21.9,10,110,-6,65,1020
3,2020-10-22,45175,21.8,10,110,3,7,1025
3,2020-10-23,45557,22.3,10,110,-9,53,1036
3,2020-10-24,45036,22.5,10,110,14,12,1010
3,2020-10-25,45234,21.1,10,110,-7,31,1030
3,2020-10-26,45694,22.6,10,110,22,32,1024
3,2020-10-27,45339,21.3,10,110,10,2,1021
3,2020-10-28,44485,23.1,10,110,-10,27,1020
3,2020-10-29,43413,22.1,10,110,22,40,1023
3,2020-10-30,44334,21.7,10,110,4,2,1039
3,2020-10-31,46528,22.2,10,110,-8,51,1018
4,2019-10-31,47465,23.0,10,110,19,56,1034
4,2019-11-01,46803,23.2,10,110,9,86,1020
4,2019-11-02,47329,23.2,10,110,0,9,1039
4,2019-11-03,47394,23.0,10,110,10,58,1036
4,2019-11-04,47545,23.3,10,110,7,21,1018
4,2019-11-05,47196,22.8,10,110,30,27,1022
4,2019-11-06,48367,22.6,10,110,17,54,1015
4,2019-11-07,46718,23.1,10,110,13,19,1024
4,2019-11-08,47484,23.3,10,110,2,55,1038
4,2019-11-09,46718,22.8,10,110,5,44,1027
4,2019-11-10,48072,22.7,10,110,17,26,1017
4,2019-11-11,47729,23.0,10,110,30,15,1034
4,2019-11-12,47203,22.6,10,110,27,89,1015
4,2019-11-13,47562,22.5,10,110,28,39,1022
4,2019-11-14,47271,22.8,10,110,7,15,1034
4,2019-11-15,47443,23.4,10,110,5,99,1011
4,2019-11-16,47085,23.4,10,110,4,99,1026
4,2019-11-17,48133,22.5,10,110,25,70,1040
4,2019-11-18,47740,23.0,10,110,4,49,1012
4,2019-11-19,47889,23.6,10,110,25,57,1018
4,2019-11-20,48220,22.4,10,110,25,41,1016
4,2019-11-21,47200,23.2,10,110,4,13,1036
4,2019-11-22,46942,22.7,10,110,12,78,1023
4,2019-11-23,48123,22.9,10,110,21,28,1010
4,2019-11-24,47360,22.9,10,110,16,5,1017
4,2019-11-25,47408,23.0,10,110,24,65,1022
4,2019-11-26,47998,23.3,10,110,11,58,1019
4,2019-11-27,47721,22.7,10,110,18,31,1032
4,2019-11-28,47816,22.9,10,110,22,75,1014
4,2019-11-29,47952,23.2,10,110,11,19,1038
4,2019-11-30,47251,23.0,10,110,3,27,1032
4,2019-12-01,47406,23.1,10,110,15,0,1012
4,2019-12-02,48038,22.7,10,110,16,2,1022
4,2019-12-03,47746,22.9,10,110,8,18,1019
4,2019-12-04,47743,23.1,10,110,8,27,1031
4,2019-12-05,47199,23.4,10,110,22,94,1032
4,2019-12-06,48181,22.6,10,110,8,77,1023
4,2019-12-07,47725,22.6,10,110,22,59,1022
4,2019-12-08,47164,22.7,10,110,4,26,1022
4,2019-12-09,46961,22.6,10,110,4,100,1031
4,2019-12-10,48003,23.4,10,110,1,83,1010
4,2019-12-11,47069,23.1,10,110,3,10,1024
4,2019-12-12,47586,23.4,10,110,7,75,1034
4,2019-12-13,47060,22.9,10,110,11,9,1038
4,2019-12-14,47441,22.3,10,110,23,62,1011
4,2019-12-15,46543,23.0,10,110,10,33,1021
4,2019-12-16,47337,23.1,10,110,13,86,1035
4,2019-12-17,46870,23.0,10,110,27,58,1015
4,2019-12-18,47132,23.1,10,110,13,43,1016
4,2019-12-19,47373,22.8,10,110,1,9,1038
4,2019-12-20,47448,23.0,10,110,3,15,1035
4,2019-12-21,47738,23.4,10,110,9,63,1023
4,2019-12-22,47120,23.0,10,110,26,44,1010
4,2019-12-23,47680,22.7,10,110,30,36,1040
4,2019-12-24,47285,22.4,10,110,25,23,1020
4,2019-12-25,47195,23.3,10,110,26,72,1028
4,2019-12-26,47441,23.4,10,110,16,4,1019
4,2019-12-27,46853,23.3,10,110,14,41,1038
4,2019-12-28,47317,23.1,10,110,30,87,1021
4,2019-12-29,47207,23.1,10,110,22,73,1020
4,2019-12-30,46772,23.0,10,110,1,21,1017
4,2019-12-31,47708,22.5,10,110,7,14,1019
4,2020-01-01,47412,22.7,10,110,1,75,1035
4,2020-01-02,47569,22.7,10,110,4,23,1037
4,2020-01-03,48368,22.8,10,110,22,15,1012
4,2020-01-04,47576,22.6,10,110,24,18,1029
4,2020-01-05,47064,22.4,10,110,6,56,1034
4,2020-01-06,47347,23.0,10,110,26,68,1036
4,2020-01-07,47426,23.4,10,110,28,70,1031
4,2020-01-08,47187,23.0,10,110,4,94,1026
4,2020-01-09,46749,23.1,10,110,24,79,1014
4,2020-01-10,48499,22.7,10,110,21,35,1024
4,2020-01-11,47688,22.8,10,110,6,44,1016
4,2020-01-12,47875,22.9,10,110,10,59,1038
4,2020-01-13,46879,23.2,10,110,20,99,1014
4,2020-01-14,47168,23.0,10,110,2,45,1022
4,2020-01-15,47425,23.4,10,110,7,52,1036
4,2020-01-16,47259,23.2,10,110,5,98,1040
4,2020-01-17,47355,22.7,10,110,1,42,1025
4,2020-01-18,47338,23.0,10,110,18,18,1029
4,2020-01-19,47065,23.0,10,110,5,71,1030
4,2020-01-20,48465,23.2,10,110,10,80,1032
4,2020-01-21,47977,22.7,10,110,29,6,1020
4,2020-01-22,47556,22.9,10,110,19,7,1026
4,2020-01-23,47188,22.7,10,110,18,89,1039
4,2020-01-24,48011,23.2,10,110,27,86,1031
4,2020-01-25,47485,23.3,10,110,20,78,1029
4,2020-01-26,47046,22.6,10,110,24,93,1036
4,2020-01-27,47512,23.2,10,110,18,70,1033
4,2020-01-28,47420,22.3,10,110,26,43,1027
4,2020-01-29,47827,23.1,10,110,7,70,1014
4,2020-01-30,46713,23.0,10,110,28,61,1020
4,2020-01-31,47212,23.2,10,110,11,1,1025
4,2020-02-01,48291,23.1,10,110,18,18,1038
4,2020-02-02,47481,23.1,10,110,29,24,1024
4,2020-02-03,46663,23.2,10,110,14,21,1017
4,2020-02-04,47523,23.0,10,110,7,92,1024
4,2020-02-05,47707,22.9,10,110,18,0,1020
4,2020-02-06,47371,22.8,10,110,29,21,1025
4,2020-02-07,48084,23.5,10,110,1,18,1017
4,2020-02-08,46889,23.0,10,110,26,25,1010
4,2020-02-09,47212,22.8,10,110,9,69,1026
4,2020-02-10,48271,23.0,10,110,22,95,1017
4,2020-02-11,47309,22.9,10,110,26,99,1032
4,2020-02-12,47395,22.8,10,110,1,53,1013
4,2020-02-13,47219,22.8,10,110,26,37,1033
4,2020-02-14,47408,23.0,10,110,24,67,1028
4,2020-02-15,47413,22.9,10,110,5,23,1027
4,2020-02-16,47842,23.0,10,110,14,21,1021
4,2020-02-17,47460,22.7,10,110,19,46,1029
4,2020-02-18,47171,23.7,10,110,2,77,1028
4,2020-02-19,47218,22.7,10,110,30,22,1035
4,2020-02-20,48088,22.9,10,110,24,20,1032
4,2020-02-21,46883,23.0,10,110,17,95,1034
4,2020-02-22,47728,23.1,10,110,29,65,1016
4,2020-02-23,46980,23.1,10,110,5,52,1015
4,2020-02-24,47986,22.9,10,110,22,38,1014
4,2020-02-25,47699,23.3,10,110,28,13,1034
4,2020-02-26,47638,23.1,10,110,8,73,1018
4,2020-02-27,47281,23.2,10,110,30,12,1029
4,2020-02-28,47882,23.1,10,110,25,32,1025
4,2020-02-29,47622,22.9,10,110,7,75,1029
4,2020-03-01,47375,23.6,10,110,20,52,1028
4,2020-03-02,47374,22.7,10,110,7,42,1031
4,2020-03-03,47697,22.8,10,110,29,50,1018
4,2020-03-04,47472,22.8,10,110,19,94,1011
4,2020-03-05,47579,23.5,10,110,14,45,1034
4,2020-03-06,47903,23.2,10,110,23,77,1036
4,2020-03-07,47304,22.9,10,110,25,68,1023
4,2020-03-08,47852,23.0,10,110,13,24,1021
4,2020-03-09,48030,22.7,10,110,17,90,1040
4,2020-03-10,47731,22.6,10,110,12,57,1031
4,2020-03-11,47900,22.8,10,110,16,23,1011
4,2020-03-12,48482,23.1,10,110,30,1,1022
4,2020-03-13,47363,23.2,10,110,15,47,1011
4,2020-03-14,47374,23.3,10,110,16,72,1034
4,2020-03-15,48088,23.0,10,110,19,58,1012
4,2020-03-16,48240,22.9,10,110,20,95,1027
4,2020-03-17,46926,23.0,10,110,6,19,1018
4,2020-03-18,47347,23.0,10,110,12,97,1025
4,2020-03-19,47320,23.4,10,110,26,87,1021
4,2020-03-20,46876,23.2,10,110,13,74,1021
4,2020-03-21,47346,23.1,10,110,30,4,1017
4,2020-03-22,46784,22.9,10,110,20,35,1024
4,2020-03-23,48040,22.8,10,110,13,84,1012
4,2020-03-24,47537,22.6,10,110,17,30,1017
4,2020-03-25,48478,23.1,10,110,28,95,1036
4,2020-03-26,48205,22.9,10,110,0,76,1026
4,2020-03-27,47612,22.9,10,110,14,71,1040
4,2020-03-28,47137,22.7,10,110,21,48,1035
4,2020-03-29,47579,23.2,10,110,0,49,1040
4,2020-03-30,46702,23.1,10,110,7,70,1026
4,2020-03-31,47913,22.9,10,110,19,73,1026
4,2020-04-01,47840,23.4,10,110,25,58,1027
4,2020-04-02,46972,22.8,10,110,22,83,1026
4,2020-04-03,47883,22.8,10,110,29,39,1016
4,2020-04-04,47556,23.1,10,110,3,45,1036
4,2020-04-05,46744,22.9,10,110,30,87,1025
4,2020-04-06,46981,22.6,10,110,29,60,1017
4,2020-04-07,47403,23.1,10,110,23,23,1023
4,2020-04-08,47867,23.2,10,110,30,93,1029
4,2020-04-09,47635,22.9,10,110,9,58,1038
4,2020-04-10,47369,23.3,10,110,10,26,1021
4,2020-04-11,46695,23.1,10,110,26,11,1040
4,2020-04-12,47613,23.5,10,110,9,72,1037
4,2020-04-13,48106,23.1,10,110,4,61,1014
4,2020-04-14,48318,23.1,10,110,26,72,1017
4,2020-04-15,48130,23.6,10,110,21,77,1012
4,2020-04-16,48126,23.2,10,110,12,55,1031
4,2020-04-17,46461,23.3,10,110,10,12,1022
4,2020-04-18,47249,22.7,10,110,18,6,1037
4,2020-04-19,47384,23.0,10,110,4,25,1038
4,2020-04-20,47123,22.9,10,110,28,47,1039
4,2020-04-21,46964,23.0,10,110,8,64,1031
4,2020-04-22,46852,22.9,10,110,15,56,1030
4,2020-04-23,46670,22.6,10,110,29,60,1033
4,2020-04-24,47573,22.6,10,110,14,50,1040
4,2020-04-25,47545,23.1,10,110,7,84,1028
4,2020-04-26,47244,23.0,10,110,9,43,1037
4,2020-04-27,47923,22.9,10,110,21,53,1022
4,2020-04-28,47583,22.8,10,110,4,29,1037
4,2020-04-29,47625,22.9,10,110,19,75,1032
4,2020-04-30,47341,22.5,10,110,30,9,1039
4,2020-05-01,47100,23.1,10,110,26,24,1014
4,2020-05-02,46933,23.1,10,110,5,73,1018
4,2020-05-03,46709,23.0,10,110,7,73,1024
4,2020-05-04,46861,23.4,10,110,9,45,1025
4,2020-05-05,47503,22.8,10,110,18,56,1012
4,2020-05-06,46918,22.7,10,110,23,85,1038
4,2020-05-07,47722,22.4,10,110,9,86,1028
4,2020-05-08,47151,22.7,10,110,12,48,1023
4,2020-05-09,47132,22.9,10,110,22,13,1013
4,2020-05-10,47961,23.1,10,110,28,35,1018
4,2020-05-11,47891,22.3,10,110,14,5,1013
4,2020-05-12,48635,22.8,10,110,0,100,1018
4,2020-05-13,47698,22.9,10,110,11,84,1034
4,2020-05-14,47500,23.0,10,110,15,95,1010
4,2020-05-15,47408,22.9,10,110,10,45,1013
4,2020-05-16,48211,23.2,10,110,25,60,1026
4,2020-05-17,47425,23.1,10,110,26,94,1034
4,2020-05-18,47086,23.2,10,110,9,100,1024
4,2020-05-19,47749,22.5,10,110,9,85,1016
4,2020-05-20,47622,23.1,10,110,7,2,1012
4,2020-05-21,47236,23.1,10,110,21,66,1023
4,2020-05-22,47678,23.2,10,110,17,10,1014
4,2020-05-23,48477,22.9,10,110,13,8,1032
4,2020-05-24,48124,23.1,10,110,0,89,1011
4,2020-05-25,48051,23.0,10,110,5,93,1037
4,2020-05-26,47614,23.2,10,110,6,88,1024
4,2020-05-27,47267,23.3,10,110,27,34,1025
4,2020-05-28,47753,23.0,10,110,2,73,1037
4,2020-05-29,46980,22.9,10,110,4,34,1028
4,2020-05-30,47979,23.5,10,110,3,64,1033
4,2020-05-31,47339,23.3,10,110,26,82,1011
4,2020-06-01,47813,22.7,10,110,15,78,1014
4,2020-06-02,47594,22.3,10,110,0,22,1030
4,2020-06-03,47862,22.9,10,110,21,89,1024
4,2020-06-04,47825,23.0,10,110,14,70,1010
4,2020-06-05,47623,23.1,10,110,26,96,1034
4,2020-06-06,47541,22.9,10,110,15,73,1028
4,2020-06-07,46388,22.7,10,110,24,23,1027
4,2020-06-08,47353,22.9,10,110,3,62,1012
4,2020-06-09,46778,23.4,10,110,22,30,1028
4,2020-06-10,47838,23.0,10,110,1,73,1031
4,2020-06-11,47902,23.2,10,110,8,88,1040
4,2020-06-12,47041,23.0,10,110,17,47,1018
4,2020-06-13,47769,23.5,10,110,27,74,1027
4,2020-06-14,47500,23.0,10,110,15,59,1031
4,2020-06-15,47705,23.0,10,110,26,31,1018
4,2020-06-16,47784,22.7,10,110,29,15,1025
4,2020-06-17,47659,23.0,10,110,24,73,1019
4,2020-06-18,47369,23.2,10,110,1,78,1017
4,2020-06-19,47879,22.9,10,110,4,31,1023
4,2020-06-20,46818,23.0,10,110,14,20,1036
4,2020-06-21,47203,23.1,10,110,22,6,1022
4,2020-06-22,47405,23.1,10,110,17,57,1011
4,2020-06-23,47162,22.4,10,110,12,19,1013
4,2020-06-24,48129,23.3,10,110,3,88,1022
4,2020-06-25,48068,22.8,10,110,8,6,1012
4,2020-06-26,47122,22.8,10,110,24,66,1011
4,2020-06-27,47292,22.8,10,110,13,63,1035
4,2020-06-28,47603,23.3,10,110,24,23,1025
4,2020-06-29,47906,22.8,10,110,4,79,1016
4,2020-06-30,47032,23.4,10,110,12,57,1033
4,2020-07-01,47342,23.4,10,110,25,15,1024
4,2020-07-02,47390,23.2,10,110,12,15,1024
4,2020-07-03,47230,23.1,10,110,11,42,1040
4,2020-07-04,47064,22.8,10,110,3,49,1028
4,2020-07-05,47517,23.0,10,110,10,6,1028
4,2020-07-06,46993,22.9,10,110,24,19,1038
4,2020-07-07,47661,23.5,10,110,13,59,1021
4,2020-07-08,47260,23.2,10,110,11,38,1026
4,2020-07-09,46687,22.8,10,110,7,60,1017
4,2020-07-10,48093,23.1,10,110,0,72,1030
4,2020-07-11,47091,22.9,10,110,4,3,1024
4,2020-07-12,47769,23.2,10,110,13,62,1012
4,2020-07-13,47976,23.4,10,110,22,54,1034
4,2020-07-14,46296,22.8,10,110,19,23,1016
4,2020-07-15,47755,22.9,10,110,10,5,1015
4,2020-07-16,47891,23.1,10,110,5,86,1037
4,2020-07-17,47679,22.9,10,110,30,36,1029
4,2020-07-18,47585,23.1,10,110,2,41,1033
4,2020-07-19,47343,22.7,10,110,7,62,1029
4,2020-07-20,48277,23.1,10,110,22,24,1024
4,2020-07-21,47470,23.2,10,110,3,19,1024
4,2020-07-22,47453,23.1,10,110,3,95,1033
4,2020-07-23,48170,22.9,10,110,12,12,1029
4,2020-07-24,47342,23.2,10,110,4,25,1015
4,2020-07-25,47310,23.2,10,110,19,51,1028
4,2020-07-26,47685,23.1,10,110,13,14,1019
4,2020-07-27,47649,23.3,10,110,13,26,1036
4,2020-07-28,47567,23.1,10,110,2,76,1026
4,2020-07-29,47480,22.8,10,110,29,68,1016
4,2020-07-30,47394,23.1,10,110,3,25,1020
4,2020-07-31,46731,23.4,10,110,0,83,1039
4,2020-08-01,47769,22.6,10,110,19,41,1035
4,2020-08-02,47501,22.8,10,110,10,68,1019
4,2020-08-03,47042,23.3,10,110,23,98,1026
4,2020-08-04,47876,23.3,10,110,24,52,1020
4,2020-08-05,48024,22.7,10,110,3,96,1036
4,2020-08-06,47125,22.8,10,110,6,19,1015
4,2020-08-07,47654,22.8,10,110,4,74,1011
4,2020-08-08,46976,22.9,10,110,24,38,1010
4,2020-08-09,47991,22.8,10,110,18,24,1039
4,2020-08-10,48020,23.1,10,110,19,77,1016
4,2020-08-11,48140,23.0,10,110,27,99,1029
4,2020-08-12,46481,22.8,10,110,4,1,1030
4,2020-08-13,47256,22.8,10,110,8,13,1036
4,2020-08-14,47720,22.8,10,110,9,60,1016
4,2020-08-15,48146,23.2,10,110,30,36,1029
4,2020-08-16,47501,23.2,10,110,10,36,1035
4,2020-08-17,47399,22.9,10,110,5,67,1022
4,2020-08-18,47685,22.5,10,110,2,80,1019
4,2020-08-19,48042,23.1,10,110,19,55,1011
4,2020-08-20,47136,23.1,10,110,13,60,1036
4,2020-08-21,47622,22.7,10,110,19,10,1027
4,2020-08-22,47244,23.4,10,110,8,37,1027
4,2020-08-23,47820,23.2,10,110,4,100,1026
4,2020-08-24,46995,23.4,10,110,22,94,1027
4,2020-08-25,47335,23.0,10,110,30,47,1019
4,2020-08-26,46923,22.8,10,110,4,47,1039
4,2020-08-27,48397,23.4,10,110,13,22,1020
4,2020-08-28,48032,22.6,10,110,0,54,1021
4,2020-08-29,47238,23.1,10,110,6,43,1018
4,2020-08-30,47444,23.2,10,110,8,63,1030
4,2020-08-31,47574,22.8,10,110,16,78,1015
4,2020-09-01,47253,22.8,10,110,10,21,1033
4,2020-09-02,47276,22.8,10,110,23,74,1037
4,2020-09-03,47024,22.7,10,110,18,54,1014
4,2020-09-04,47439,23.2,10,110,30,16,1021
4,2020-09-05,47790,23.3,10,110,11,97,1012
4,2020-09-06,48270,23.1,10,110,17,14,1040
4,2020-09-07,47275,22.8,10,110,10,93,1026
4,2020-09-08,46823,22.9,10,110,19,73,1017
4,2020-09-09,46884,22.7,10,110,9,70,1023
4,2020-09-10,47353,22.9,10,110,11,87,1038
4,2020-09-11,47773,23.3,10,110,15,72,1024
4,2020-09-12,47216,22.8,10,110,8,97,1035
4,2020-09-13,46812,22.9,10,110,1,72,1016
4,2020-09-14,46447,22.9,10,110,7,37,1031
4,2020-09-15,47442,23.5,10,110,1,85,1029
4,2020-09-16,47758,22.8,10,110,14,4,1030
4,2020-09-17,47197,22.7,10,110,22,8,1018
4,2020-09-18,47170,22.9,10,110,24,45,1030
4,2020-09-19,47278,23.2,10,110,16,42,1015
4,2020-09-20,47376,22.9,10,110,2,18,1038
4,2020-09-21,47854,23.2,10,110,14,6,1027
4,2020-09-22,47308,23.2,10,110,30,16,1021
4,2020-09-23,47028,23.0,10,110,23,30,1040
4,2020-09-24,46010,23.5,10,110,21,5,1033
4,2020-09-25,47356,22.9,10,110,17,34,1010
4,2020-09-26,47872,22.7,10,110,21,84,1026
4,2020-09-27,47201,23.0,10,110,27,54,1028
4,2020-09-28,47738,22.6,10,110,23,94,1016
4,2020-09-29,47912,23.5,10,110,22,65,1015
4,2020-09-30,47228,23.1,10,110,30,57,1011
4,2020-10-01,47457,22.8,10,110,1,33,1030
4,2020-10-02,47081,22.7,10,110,29,18,1019
4,2020-10-03,47382,22.9,10,110,21,46,1015
4,2020-10-04,47397,23.1,10,110,1,11,1011
4,2020-10-05,47079,23.0,10,110,29,47,1023
4,2020-10-06,47728,23.3,10,110,23,100,1013
4,2020-10-07,47410,22.7,10,110,14,34,1034
4,2020-10-08,48124,23.4,10,110,5,87,1021
4,2020-10-09,47574,23.2,10,110,25,77,1025
4,2020-10-10,47522,22.9,10,110,19,54,1013
4,2020-10-11,47809,23.0,10,110,19,96,1030
4,2020-10-12,47369,23.3,10,110,26,36,1016
4,2020-10-13,46599,22.9,10,110,12,82,1012
4,2020-10-14,48017,22.8,10,110,24,27,1040
4,2020-10-15,47228,23.3,10,110,28,87,1039
4,2020-10-16,47348,23.0,10,110,27,29,1021
4,2020-10-17,47122,23.5,10,110,9,6,1039
4,2020-10-18,47638,23.0,10,110,16,85,1036
4,2020-10-19,47395,22.6,10,110,20,100,1038
4,2020-10-20,46932,22.7,10,110,23,78,1030
4,2020-10-21,47783,23.0,10,110,6,36,1023
4,2020-10-22,47542,22.9,10,110,12,2,1022
4,2020-10-23,46619,23.1,10,110,11,29,1028
4,2020-10-24,47670,22.8,10,110,24,88,1040
4,2020-10-25,48002,22.7,10,110,13,68,1038
4,2020-10-26,47186,23.6,10,110,10,34,1037
4,2020-10-27,46318,22.9,10,110,21,93,1019
4,2020-10-28,47443,23.4,10,110,16,10,1024
4,2020-10-29,48226,23.2,10,110,0,45,1015
4,2020-10-30,47148,23.2,10,110,29,66,1030
4,2020-10-31,47514,23.1,10,110,7,40,1020
5,2019-10-31,44081,22.4,10,110,-3,8,1015
5,2019-11-01,44303,22.0,10,110,-6,67,1015
5,2019-11-02,45124,22.3,10,110,-8,62,1038
5,2019-11-03,45348,21.6,10,110,3,28,1010
5,2019-11-04,44588,22.8,10,110,18,19,1010
5,2019-11-05,43251,22.7,10,110,-10,12,1024
5,2019-11-06,45320,22.7,10,110,1,30,1028
5,2019-11-07,43226,21.8,10,110,3,14,1031
5,2019-11-08,44837,21.4,10,110,24,20,1028
5,2019-11-09,44637,22.1,10,110,-8,60,1037
5,2019-11-10,43448,22.1,10,110,23,75,1028
5,2019-11-11,44753,22.4,10,110,1,35,1026
5,2019-11-12,45232,21.7,10,110,21,73,1010
5,2019-11-13,44998,22.0,10,110,11,76,1013
5,2019-11-14,46597,22.0,10,110,1,98,1018
5,2019-11-15,45499,22.7,10,110,3,27,1032
5,2019-11-16,44591,22.1,10,110,13,20,1020
5,2019-11-17,45201,22.3,10,110,11,91,1037
5,2019-11-18,43558,21.5,10,110,-1,45,1035
5,2019-11-19,45818,22.0,10,110,7,67,1024
5,2019-11-20,45303,22.0,10,110,6,75,1039
5,2019-11-21,44396,22.4,10,110,-2,76,1024
5,2019-11-22,45068,21.9,10,110,7,86,1019
5,2019-11-23,46948,21.8,10,110,17,75,1034
5,2019-11-24,45982,22.1,10,110,23,96,1022
5,2019-11-25,44050,21.9,10,110,25,29,1026
5,2019-11-26,46182,22.1,10,110,-8,48,1020
5,2019-11-27,44102,22.3,10,110,4,44,1012
5,2019-11-28,46172,22.6,10,110,-7,82,1040
5,2019-11-29,45731,21.9,10,110,1,82,1023
5,2019-11-30,44733,21.7,10,110,15,95,1037
5,2019-12-01,43371,22.2,10,110,-6,24,1024
5,2019-12-02,44420,22.3,10,110,0,41,1030
5,2019-12-03,44065,21.5,10,110,9,20,1029
5,2019-12-04,44787,21.8,10,110,17,74,1036
5,2019-12-05,45337,22.2,10,110,15,11,1022
5,2019-12-06,44747,22.6,10,110,20,89,1029
5,2019-12-07,46211,21.3,10,110,-5,41,1035
5,2019-12-08,45080,22.8,10,110,18,21,1032
5,2019-12-09,43642,22.2,10,110,8,89,1027
5,2019-12-10,44662,22.5,10,110,3,21,1020
5,2019-12-11,44325,21.5,10,110,-6,13,1016
5,2019-12-12,45802,21.4,10,110,-10,33,1036
5,2019-12-13,43969,23.1,10,110,22,22,1036
5,2019-12-14,44063,21.5,10,110,0,19,1038
5,2019-12-15,45110,22.0,10,110,12,20,1040
5,2019-12-16,44825,21.3,10,110,7,44,1015
5,2019-12-17,45016,22.3,10,110,14,83,1023
5,2019-12-18,46114,22.3,10,110,-8,63,1019
5,2019-12-19,46144,22.0,10,110,22,81,1019
5,2019-12-20,47619,22.5,10,110,24,36,1033
5,2019-12-21,45571,22.9,10,110,9,27,1021
5,2019-12-22,44303,22.1,10,110,-5,49,1015
5,2019-12-23,46074,21.4,10,110,-4,61,1030
5,2019-12-24,45938,22.5,10,110,25,19,1023
5,2019-12-25,46607,22.3,10,110,14,23,1020
5,2019-12-26,43293,21.9,10,110,-3,22,1028
5,2019-12-27,43822,22.4,10,110,14,44,1039
5,2019-12-28,43653,21.3,10,110,-2,81,1023
5,2019-12-29,44871,22.0,10,110,18,56,1029
5,2019-12-30,45887,21.8,10,110,-7,30,1029
5,2019-12-31,44537,21.4,10,110,17,53,1031
5,2020-01-01,45717,21.8,10,110,-1,79,1033
5,2020-01-02,43779,22.2,10,110,16,8,1018
5,2020-01-03,46409,22.1,10,110,2,32,1031
5,2020-01-04,44758,22.5,10,110,-4,100,1025
5,2020-01-05,45864,22.1,10,110,-3,27,1025
5,2020-01-06,44166,21.9,10,110,15,14,1037
5,2020-01-07,46504,23.2,10,110,-1,54,1016
5,2020-01-08,43369,21.9,10,110,-9,9,1019
5,2020-01-09,44993,20.9,10,110,-10,16,1021
5,2020-01-10,45951,22.2,10,110,3,83,1010
5,2020-01-11,46099,22.5,10,110,25,10,1019
5,2020-01-12,45347,22.4,10,110,25,82,1029
5,2020-01-13,45211,21.2,10,110,13,42,1013
5,2020-01-14,45513,21.7,10,110,-4,57,1015
5,2020-01-15,43650,22.4,10,110,5,52,1039
5,2020-01-16,45546,22.3,10,110,4,43,1016
5,2020-01-17,46067,22.1,10,110,-9,4,1015
5,2020-01-18,44825,21.5,10,110,10,60,1038
5,2020-01-19,43855,22.2,10,110,25,30,1035
5,2020-01-20,46221,22.3,10,110,25,10,1025
5,2020-01-21,43813,22.2,10,110,18,31,1012
5,2020-01-22,45694,21.8,10,110,4,26,1032
5,2020-01-23,44384,21.8,10,110,24,62,1035
5,2020-01-24,44950,22.2,10,110,13,24,1021
5,2020-01-25,45602,21.3,10,110,10,27,1015
5,2020-01-26,46074,22.0,10,110,-1,91,1021
5,2020-01-27,44368,21.4,10,110,25,19,1023
5,2020-01-28,44238,21.4,10,110,9,19,1021
5,2020-01-29,45194,21.7,10,110,4,32,1026
5,2020-01-30,46320,21.4,10,110,-8,14,1038
5,2020-01-31,43471,22.1,10,110,25,4,1034
5,2020-02-01,46120,22.3,10,110,13,21,1016
5,2020-02-02,43731,21.6,10,110,-3,9,1027
5,2020-02-03,45796,22.7,10,110,9,96,1031
5,2020-02-04,45436,21.9,10,110,19,91,1021
5,2020-02-05,43974,22.1,10,110,21,73,1031
5,2020-02-06,44847,22.2,10,110,3,58,1025
5,2020-02-07,44497,22.5,10,110,17,27,1037
5,2020-02-08,43861,21.4,10,110,13,2,1034
5,2020-02-09,43259,22.4,10,110,5,78,1035
5,2020-02-10,44571,22.4,10,110,18,45,1038
5,2020-02-11,45279,21.6,10,110,-7,77,1038
5,2020-02-12,44147,22.1,10,110,17,66,1018
5,2020-02-13,45463,22.2,10,110,13,55,1024
5,2020-02-14,44349,21.2,10,110,0,71,1029
5,2020-02-15,44794,22.2,10,110,10,87,1025
5,2020-02-16,45658,22.6,10,110,23,92,1013
5,2020-02-17,46564,22.1,10,110,-5,9,1013
5,2020-02-18,45416,22.3,10,110,4,76,1030
5,2020-02-19,43658,21.8,10,110,-4,41,1024
5,2020-02-20,44355,21.9,10,110,19,97,1033
5,2020-02-21,42452,21.9,10,110,-10,45,1015
5,2020-02-22,45286,22.3,10,110,-4,58,1016
5,2020-02-23,45627,22.2,10,110,-7,2,1018
5,2020-02-24,44302,21.6,10,110,10,18,1019
5,2020-02-25,44406,21.8,10,110,15,99,1023
5,2020-02-26,44643,22.2,10,110,-7,1,1031
5,2020-02-27,45466,21.9,10,110,24,88,1026
5,2020-02-28,43823,22.1,10,110,17,84,1024
5,2020-02-29,46124,22.3,10,110,15,3,1021
5,2020-03-01,44032,22.0,10,110,17,95,1017
5,2020-03-02,45243,22.0,10,110,-5,68,1028
5,2020-03-03,46001,21.9,10,110,24,40,1017
5,2020-03-04,46538,22.2,10,110,20,46,1021
5,2020-03-05,45664,21.6,10,110,-1,58,1024
5,2020-03-06,45880,22.4,10,110,15,69,1012
5,2020-03-07,46169,22.7,10,110,2,38,1020
5,2020-03-08,45672,22.2,10,110,22,68,1039
5,2020-03-09,45827,22.0,10,110,10,10,1029
5,2020-03-10,42782,22.5,10,110,-5,89,1028
5,2020-03-11,44899,22.3,10,110,-4,31,1031
5,2020-03-12,47103,22.2,10,110,23,7,1027
5,2020-03-13,45481,22.3,10,110,-2,23,1018
5,2020-03-14,45333,21.2,10,110,-4,49,1022
5,2020-03-15,44593,22.7,10,110,7,67,1040
5,2020-03-16,43897,21.4,10,110,23,93,1015
5,2020-03-17,43343,22.4,10,110,-8,82,1025
5,2020-03-18,43974,22.1,10,110,-5,25,1022
5,2020-03-19,45780,21.8,10,110,-5,25,1020
5,2020-03-20,43440,21.7,10,110,-6,80,1022
5,2020-03-21,46081,22.4,10,110,15,71,1036
5,2020-03-22,46782,22.6,10,110,-5,7,1017
5,2020-03-23,45205,21.8,10,110,23,48,1016
5,2020-03-24,43002,22.8,10,110,11,17,1033
5,2020-03-25,45625,21.8,10,110,0,74,1028
5,2020-03-26,46551,22.0,10,110,5,96,1037
5,2020-03-27,45488,22.3,10,110,-9,8,1027
5,2020-03-28,45046,22.2,10,110,4,75,1013
5,2020-03-29,44397,22.7,10,110,23,43,1033
5,2020-03-30,46127,21.9,10,110,0,60,1012
5,2020-03-31,43442,22.5,10,110,9,41,1038
5,2020-04-01,45434,21.3,10,110,16,90,1037
5,2020-04-02,46059,22.3,10,110,-3,63,1030
5,2020-04-03,44449,22.1,10,110,17,23,1025
5,2020-04-04,44891,22.5,10,110,9,25,1039
5,2020-04-05,45824,21.8,10,110,25,54,1010
5,2020-04-06,43813,21.5,10,110,-9,4,1031
5,2020-04-07,45483,22.7,10,110,17,61,1032
5,2020-04-08,45339,21.9,10,110,5,63,1032
5,2020-04-09,46329,21.2,10,110,12,13,1022
5,2020-04-10,43627,21.9,10,110,14,94,1037
5,2020-04-11,45014,21.7,10,110,9,24,1027
5,2020-04-12,43516,22.5,10,110,5,42,1019
5,2020-04-13,45856,22.5,10,110,1,32,1029
5,2020-04-14,46474,22.1,10,110,19,48,1024
5,2020-04-15,45702,21.8,10,110,21,95,1031
5,2020-04-16,45252,22.4,10,110,17,27,1035
5,2020-04-17,46708,22.8,10,110,16,22,1036
5,2020-04-18,44071,21.8,10,110,6,15,1026
5,2020-04-19,47955,21.3,10,110,20,14,1018
5,2020-04-20,43817,21.8,10,110,22,74,1026
5,2020-04-21,44084,22.2,10,110,-1,55,1034
5,2020-04-22,46100,22.4,10,110,20,67,1014
5,2020-04-23,43823,21.6,10,110,10,76,1016
5,2020-04-24,44935,22.3,10,110,6,43,1040
5,2020-04-25,45310,22.4,10,110,14,77,1022
5,2020-04-26,44658,22.3,10,110,2,12,1028
5,2020-04-27,44871,22.1,10,110,-5,28,1011
5,2020-04-28,46230,22.0,10,110,22,35,1016
5,2020-04-29,45274,21.5,10,110,25,43,1014
5,2020-04-30,45793,21.0,10,110,-2,39,1025
5,2020-05-01,45662,22.0,10,110,-6,39,1037
5,2020-05-02,44303,21.7,10,110,18,63,1011
5,2020-05-03,44866,21.7,10,110,8,73,1031
5,2020-05-04,45616,21.9,10,110,21,26,1028
5,2020-05-05,45389,21.7,10,110,-1,75,1018
5,2020-05-06,45864,21.8,10,110,22,19,1024
5,2020-05-07,46229,22.0,10,110,7,24,1013
5,2020-05-08,43540,22.3,10,110,3,81,1016
5,2020-05-09,45662,22.4,10,110,1,78,1031
5,2020-05-10,45355,22.1,10,110,15,100,1040
5,2020-05-11,44264,22.5,10,110,21,23,1038
5,2020-05-12,47000,23.1,10,110,21,55,1031
5,2020-05-13,45704,23.4,10,110,-5,6,1033
5,2020-05-14,43958,21.7,10,110,19,10,1034
5,2020-05-15,45000,22.2,10,110,24,83,1035
5,2020-05-16,43827,21.5,10,110,3,82,1025
5,2020-05-17,44945,22.3,10,110,6,15,1031
5,2020-05-18,44520,22.6,10,110,8,9,1033
5,2020-05-19,44287,21.5,10,110,8,27,1030
5,2020-05-20,44065,22.3,10,110,12,64,1011
5,2020-05-21,44358,22.4,10,110,16,70,1035
5,2020-05-22,44249,21.8,10,110,22,24,1024
5,2020-05-23,45622,21.8,10,110,18,94,1034
5,2020-05-24,45272,21.8,10,110,-3,55,1019
5,2020-05-25,44550,21.7,10,110,-3,57,1012
5,2020-05-26,44693,21.8,10,110,21,40,1021
5,2020-05-27,45749,21.8,10,110,9,5,1023
5,2020-05-28,45079,22.2,10,110,21,81,1032
5,2020-05-29,45257,21.2,10,110,5,70,1012
5,2020-05-30,45449,21.8,10,110,-6,24,1027
5,2020-05-31,45355,21.6,10,110,-8,81,1038
5,2020-06-01,45081,22.2,10,110,21,74,1035
5,2020-06-02,46655,21.8,10,110,14,95,1037
5,2020-06-03,44290,22.2,10,110,-7,62,1029
5,2020-06-04,44659,22.0,10,110,-3,15,1026
5,2020-06-05,45656,22.3,10,110,18,79,1038
5,2020-06-06,43969,21.9,10,110,-2,94,1023
5,2020-06-07,45249,22.7,10,110,18,98,1012
5,2020-06-08,44932,21.9,10,110,-4,77,1029
5,2020-06-09,45626,22.3,10,110,-8,19,1016
5,2020-06-10,45049,21.8,10,110,-9,84,1019
5,2020-06-11,45821,21.2,10,110,-7,87,1024
5,2020-06-12,44230,21.9,10,110,23,48,1027
5,2020-06-13,45426,20.9,10,110,-1,17,1022
5,2020-06-14,43974,22.5,10,110,9,97,1029
5,2020-06-15,46058,22.2,10,110,14,87,1025
5,2020-06-16,46694,21.7,10,110,11,35,1025
5,2020-06-17,44141,21.9,10,110,6,47,1011
5,2020-06-18,45280,21.8,10,110,11,40,1030
5,2020-06-19,44894,22.1,10,110,-7,99,1025
5,2020-06-20,44121,22.1,10,110,23,49,1025
5,2020-06-21,44145,22.1,10,110,6,47,1026
5,2020-06-22,45241,22.2,10,110,5,92,1021
5,2020-06-23,44786,21.8,10,110,25,91,1023
5,2020-06-24,43122,22.3,10,110,2,10,1015
5,2020-06-25,45370,21.4,10,110,24,35,1031
5,2020-06-26,45976,22.5,10,110,6,15,1013
5,2020-06-27,45784,21.6,10,110,4,29,1013
5,2020-06-28,45661,21.7,10,110,4,19,1035
5,2020-06-29,46692,22.5,10,110,2,5,1011
5,2020-06-30,45700,22.1,10,110,18,72,1019
5,2020-07-01,44666,22.6,10,110,-10,25,1020
5,2020-07-02,44776,22.0,10,110,12,48,1035
5,2020-07-03,45594,22.3,10,110,11,46,1037
5,2020-07-04,45226,22.2,10,110,6,45,1023
5,2020-07-05,45339,22.9,10,110,15,73,1035
5,2020-07-06,44434,22.4,10,110,-7,12,1038
5,2020-07-07,45732,21.9,10,110,22,3,1018
5,2020-07-08,46081,22.2,10,110,25,13,1033
5,2020-07-09,44951,22.2,10,110,20,88,1021
5,2020-07-10,45166,22.6,10,110,-1,45,1031
5,2020-07-11,44579,21.0,10,110,5,42,1024
5,2020-07-12,44854,21.9,10,110,6,41,1010
5,2020-07-13,45143,21.9,10,110,23,12,1014
5,2020-07-14,44362,21.4,10,110,-1,14,1019
5,2020-07-15,45607,21.4,10,110,-10,90,1014
5,2020-07-16,44520,20.9,10,110,13,26,1030
5,2020-07-17,45494,21.5,10,110,11,49,1013
5,2020-07-18,44051,22.4,10,110,17,30,1038
5,2020-07-19,45979,21.3,10,110,2,53,1021
5,2020-07-20,44398,21.9,10,110,14,33,1018
5,2020-07-21,46261,21.4,10,110,-6,87,1020
5,2020-07-22,45898,22.5,10,110,16,72,1015
5,2020-07-23,45031,22.2,10,110,-3,55,1040
5,2020-07-24,46115,22.4,10,110,-4,69,1038
5,2020-07-25,45498,21.8,10,110,-1,51,1037
5,2020-07-26,46396,21.9,10,110,-10,18,1012
5,2020-07-27,44812,21.5,10,110,14,10,1039
5,2020-07-28,44079,22.0,10,110,-10,62,1011
5,2020-07-29,44997,21.1,10,110,16,13,1028
5,2020-07-30,43997,22.4,10,110,18,19,1027
5,2020-07-31,45304,21.7,10,110,-2,92,1039
5,2020-08-01,45208,22.3,10,110,-3,48,1026
5,2020-08-02,44439,22.4,10,110,-3,32,1025
5,2020-08-03,44079,21.7,10,110,7,92,1014
5,2020-08-04,46632,22.2,10,110,-6,50,1026
5,2020-08-05,45210,22.0,10,110,25,2,1020
5,2020-08-06,45290,22.5,10,110,-1,44,1017
5,2020-08-07,45539,21.7,10,110,17,18,1026
5,2020-08-08,43973,22.0,10,110,-6,47,1028
5,2020-08-09,44847,21.5,10,110,19,49,1039
5,2020-08-10,44961,21.7,10,110,-6,77,1015
5,2020-08-11,45725,21.9,10,110,18,22,1011
5,2020-08-12,46452,21.6,10,110,-10,61,1034
5,2020-08-13,44104,22.1,10,110,12,21,1034
5,2020-08-14,46453,21.7,10,110,-7,89,1016
5,2020-08-15,43695,21.5,10,110,5,54,1039
5,2020-08-16,45322,21.8,10,110,15,32,1017
5,2020-08-17,44199,22.2,10,110,7,24,1017
5,2020-08-18,44378,21.8,10,110,18,90,1015
5,2020-08-19,44267,22.5,10,110,22,48,1010
5,2020-08-20,43877,21.6,10,110,3,56,1014
5,2020-08-21,44524,22.8,10,110,21,84,1038
5,2020-08-22,45280,22.7,10,110,-5,11,1021
5,2020-08-23,42904,22.7,10,110,-3,65,1040
5,2020-08-24,44913,22.8,10,110,10,32,1031
5,2020-08-25,45858,22.0,10,110,16,1,1037
5,2020-08-26,44181,22.4,10,110,5,3,1029
5,2020-08-27,46314,22.0,10,110,12,85,1020
5,2020-08-28,45649,21.9,10,110,6,85,1032
5,2020-08-29,44145,23.1,10,110,-1,3,1013
5,2020-08-30,46287,21.8,10,110,23,55,1012
5,2020-08-31,44499,21.5,10,110,23,46,1036
5,2020-09-01,46790,21.3,10,110,4,86,1024
5,2020-09-02,44375,22.1,10,110,-5,72,1011
5,2020-09-03,43522,21.7,10,110,1,14,1033
5,2020-09-04,45972,21.6,10,110,15,28,1038
5,2020-09-05,44905,22.5,10,110,14,53,1028
5,2020-09-06,46539,22.1,10,110,3,17,1013
5,2020-09-07,44591,21.6,10,110,21,86,1035
5,2020-09-08,45415,22.0,10,110,-3,39,1017
5,2020-09-09,46212,22.4,10,110,23,2,1034
5,2020-09-10,45088,22.8,10,110,-10,73,1015
5,2020-09-11,45415,22.4,10,110,9,24,1021
5,2020-09-12,44849,22.1,10,110,4,32,1032
5,2020-09-13,44377,22.1,10,110,14,9,1037
5,2020-09-14,44187,21.8,10,110,17,26,1032
5,2020-09-15,45669,21.8,10,110,19,57,1020
5,2020-09-16,45592,21.6,10,110,25,27,1029
5,2020-09-17,45086,21.7,10,110,3,47,1039
5,2020-09-18,43545,21.6,10,110,3,94,1012
5,2020-09-19,45600,21.8,10,110,16,96,1011
5,2020-09-20,44304,22.4,10,110,24,21,1035
5,2020-09-21,44578,22.4,10,110,25,21,1036
5,2020-09-22,45165,22.1,10,110,22,55,1024
5,2020-09-23,43434,22.3,10,110,-2,60,1034
5,2020-09-24,44648,22.1,10,110,2,54,1037
5,2020-09-25,43600,21.5,10,110,18,47,1037
5,2020-09-26,44961,21.9,10,110,-6,91,1016
5,2020-09-27,44748,22.0,10,110,16,48,1026
5,2020-09-28,45469,22.6,10,110,-7,44,1026
5,2020-09-29,43717,21.6,10,110,17,6,1026
5,2020-09-30,46477,22.4,10,110,-6,29,1035
5,2020-10-01,45828,22.1,10,110,10,71,1012
5,2020-10-02,45928,23.0,10,110,3,22,1040
5,2020-10-03,45781,22.3,10,110,-4,96,1015
5,2020-10-04,45617,22.3,10,110,-1,93,1037
5,2020-10-05,44627,21.6,10,110,12,65,1027
5,2020-10-06,47560,22.2,10,110,2,60,1024
5,2020-10-07,44995,22.0,10,110,5,11,1025
5,2020-10-08,45982,21.8,10,110,5,92,1028
5,2020-10-09,47802,21.5,10,110,5,95,1022
5,2020-10-10,44982,22.3,10,110,5,47,1033
5,2020-10-11,44835,22.4,10,110,4,26,1023
5,2020-10-12,45066,22.7,10,110,-9,9,1019
5,2020-10-13,45417,22.1,10,110,5,78,1036
5,2020-10-14,44853,21.8,10,110,7,2,1010
5,2020-10-15,45402,23.0,10,110,-7,29,1040
5,2020-10-16,46273,22.4,10,110,-7,50,1033
5,2020-10-17,45198,21.6,10,110,4,92,1026
5,2020-10-18,45265,20.7,10,110,-8,88,1040
5,2020-10-19,45335,21.7,10,110,1,30,1035
5,2020-10-20,44380,22.5,10,110,3,17,1039
5,2020-10-21,44374,22.2,10,110,20,89,1022
5,2020-10-22,46727,21.8,10,110,-9,31,1034
5,2020-10-23,44792,22.1,10,110,16,50,1038
5,2020-10-24,44985,22.1,10,110,21,1,1024
5,2020-10-25,43464,22.0,10,110,21,61,1016
5,2020-10-26,45168,21.6,10,110,10,46,1021
5,2020-10-27,45282,21.5,10,110,-6,56,1024
5,2020-10-28,45963,21.7,10,110,3,41,1012
5,2020-10-29,45930,22.3,10,110,2,88,1022
5,2020-10-30,46181,22.3,10,110,0,2,1031
5,2020-10-31,44677,22.5,10,110,14,84,1024
