transaction_id,transaction_date,customer_id,product_id,quantity,unit_price,sales_amount
T0001,2026-02-02,C001,P001,2,3.0,6.0
T0002,2026-03-03,C002,P002,3,4.0,12.0
T0003,2026-01-04,C003,P003,4,5.0,20.0
T0004,2026-02-05,C004,P004,5,6.0,30.0
T0005,2026-03-06,C005,P005,1,7.0,7.0
T0006,2026-01-07,C006,P006,2,8.0,16.0
T0007,2026-02-08,C007,P007,3,9.0,27.0
T0008,2026-03-09,C008,P008,4,10.0,40.0
T0009,2026-01-10,C009,P009,5,2.0,10.0
T0010,2026-02-11,C010,P010,1,3.0,3.0
T0011,2026-03-12,C011,P011,2,4.0,8.0
T0012,2026-01-13,C012,P012,3,5.0,15.0
T0013,2026-02-14,C013,P013,4,6.0,24.0
T0014,2026-03-15,C014,P014,5,7.0,35.0
T0015,2026-01-16,C015,P015,1,8.0,8.0
T0016,2026-02-17,C016,P016,2,9.0,18.0
T0017,2026-03-18,C017,P017,3,10.0,30.0
T0018,2026-01-19,C018,P018,4,2.0,8.0
T0019,2026-02-20,C019,P019,5,3.0,15.0
T0020,2026-03-21,C020,P000,1,4.0,4.0
T0021,2026-01-22,C021,P001,2,5.0,10.0
T0022,2026-02-23,C022,P002,3,6.0,18.0
T0023,2026-03-24,C023,P003,4,7.0,28.0
T0024,2026-01-25,C024,P004,5,8.0,40.0
T0025,2026-02-26,C025,P005,1,9.0,9.0
T0026,2026-03-27,C026,P006,2,10.0,20.0
T0027,2026-01-28,C027,P007,3,2.0,6.0
T0028,2026-02-01,C028,P008,4,3.0,12.0
T0029,2026-03-02,C029,P009,5,4.0,20.0
T0030,2026-01-03,C030,P010,1,5.0,5.0
T0031,2026-02-04,C031,P011,2,6.0,12.0
T0032,2026-03-05,C032,P012,3,7.0,21.0
T0033,2026-01-06,C033,P013,4,8.0,32.0
T0034,2026-02-07,C034,P014,5,9.0,45.0
T0035,2026-03-08,C035,P015,1,10.0,10.0
T0036,2026-01-09,C036,P016,2,2.0,4.0
T0037,2026-02-10,C037,P017,3,3.0,9.0
T0038,2026-03-11,C038,P018,4,4.0,16.0
T0039,2026-01-12,C039,P019,5,5.0,25.0
T0040,2026-02-13,C000,P000,1,6.0,6.0
T0041,2026-03-14,C001,P001,2,7.0,14.0
T0042,2026-01-15,C002,P002,3,8.0,24.0
T0043,2026-02-16,C003,P003,4,9.0,36.0
T0044,2026-03-17,C004,P004,5,10.0,50.0
T0045,2026-01-18,C005,P005,1,2.0,2.0
T0046,2026-02-19,C006,P006,2,3.0,6.0
T0047,2026-03-20,C007,P007,3,4.0,12.0
T0048,2026-01-21,C008,P008,4,5.0,20.0
T0049,2026-02-22,C009,P009,5,6.0,30.0
T0050,2026-03-23,C010,P010,1,7.0,7.0
T0051,2026-01-24,C011,P011,2,8.0,16.0
T0052,2026-02-25,C012,P012,3,9.0,27.0
T0053,2026-03-26,C013,P013,4,10.0,40.0
T0054,2026-01-27,C014,P014,5,2.0,10.0
T0055,2026-02-28,C015,P015,1,3.0,3.0
T0056,2026-03-01,C016,P016,2,4.0,8.0
T0057,2026-01-02,C017,P017,3,5.0,15.0
T0058,2026-02-03,C018,P018,4,6.0,24.0
T0059,2026-03-04,C019,P019,5,7.0,35.0
T0060,2026-01-05,C020,P000,1,8.0,8.0
T0061,2026-02-06,C021,P001,2,9.0,18.0
T0062,2026-03-07,C022,P002,3,10.0,30.0
T0063,2026-01-08,C023,P003,4,2.0,8.0
T0064,2026-02-09,C024,P004,5,3.0,15.0
T0065,2026-03-10,C025,P005,1,4.0,4.0
T0066,2026-01-11,C026,P006,2,5.0,10.0
T0067,2026-02-12,C027,P007,3,6.0,18.0
T0068,2026-03-13,C028,P008,4,7.0,28.0
T0069,2026-01-14,C029,P009,5,8.0,40.0
T0070,2026-02-15,C030,P010,1,9.0,9.0
T0071,2026-03-16,C031,P011,2,10.0,20.0
T0072,2026-01-17,C032,P012,3,2.0,6.0
T0073,2026-02-18,C033,P013,4,3.0,12.0
T0074,2026-03-19,C034,P014,5,4.0,20.0
T0075,2026-01-20,C035,P015,1,5.0,5.0
T0076,2026-02-21,C036,P016,2,6.0,12.0
T0077,2026-03-22,C037,P017,3,7.0,21.0
T0078,2026-01-23,C038,P018,4,8.0,32.0
T0079,2026-02-24,C039,P019,5,9.0,45.0
T0080,2026-03-25,C000,P000,1,10.0,10.0
T0081,2026-01-26,C001,P001,2,2.0,4.0
T0082,2026-02-27,C002,P002,3,3.0,9.0
T0083,2026-03-28,C003,P003,4,4.0,16.0
T0084,2026-01-01,C004,P004,5,5.0,25.0
T0085,2026-02-02,C005,P005,1,6.0,6.0
T0086,2026-03-03,C006,P006,2,7.0,14.0
T0087,2026-01-04,C007,P007,3,8.0,24.0
T0088,2026-02-05,C008,P008,4,9.0,36.0
T0089,2026-03-06,C009,P009,5,10.0,50.0
T0090,2026-01-07,C010,P010,1,2.0,2.0
T0091,2026-02-08,C011,P011,2,3.0,6.0
T0092,2026-03-09,C012,P012,3,4.0,12.0
T0093,2026-01-10,C013,P013,4,5.0,20.0
T0094,2026-02-11,C014,P014,5,6.0,30.0
T0095,2026-03-12,C015,P015,1,7.0,7.0
T0096,2026-01-13,C016,P016,2,8.0,16.0
T0097,2026-02-14,C017,P017,3,9.0,27.0
T0098,2026-03-15,C018,P018,4,10.0,40.0
T0099,2026-01-16,C019,P019,5,2.0,10.0
T0100,2026-02-17,C020,P000,1,3.0,3.0
T0101,2026-03-18,C021,P001,2,4.0,8.0
T0102,2026-01-19,C022,P002,3,5.0,15.0
T0103,2026-02-20,C023,P003,4,6.0,24.0
T0104,2026-03-21,C024,P004,5,7.0,35.0
T0105,2026-01-22,C025,P005,1,8.0,8.0
T0106,2026-02-23,C026,P006,2,9.0,18.0
T0107,2026-03-24,C027,P007,3,10.0,30.0
T0108,2026-01-25,C028,P008,4,2.0,8.0
T0109,2026-02-26,C029,P009,5,3.0,15.0
T0110,2026-03-27,C030,P010,1,4.0,4.0
T0111,2026-01-28,C031,P011,2,5.0,10.0
T0112,2026-02-01,C032,P012,3,6.0,18.0
T0113,2026-03-02,C033,P013,4,7.0,28.0
T0114,2026-01-03,C034,P014,5,8.0,40.0
T0115,2026-02-04,C035,P015,1,9.0,9.0
T0116,2026-03-05,C036,P016,2,10.0,20.0
T0117,2026-01-06,C037,P017,3,2.0,6.0
T0118,2026-02-07,C038,P018,4,3.0,12.0
T0119,2026-03-08,C039,P019,5,4.0,20.0
T0120,2026-01-09,C000,P000,1,5.0,5.0
T0121,2026-02-10,C001,P001,2,6.0,12.0
T0122,2026-03-11,C002,P002,3,7.0,21.0
T0123,2026-01-12,C003,P003,4,8.0,32.0
T0124,2026-02-13,C004,P004,5,9.0,45.0
T0125,2026-03-14,C005,P005,1,10.0,10.0
T0126,2026-01-15,C006,P006,2,2.0,4.0
T0127,2026-02-16,C007,P007,3,3.0,9.0
T0128,2026-03-17,C008,P008,4,4.0,16.0
T0129,2026-01-18,C009,P009,5,5.0,25.0
T0130,2026-02-19,C010,P010,1,6.0,6.0
T0131,2026-03-20,C011,P011,2,7.0,14.0
T0132,2026-01-21,C012,P012,3,8.0,24.0
T0133,2026-02-22,C013,P013,4,9.0,36.0
T0134,2026-03-23,C014,P014,5,10.0,50.0
T0135,2026-01-24,C015,P015,1,2.0,2.0
T0136,2026-02-25,C016,P016,2,3.0,6.0
T0137,2026-03-26,C017,P017,3,4.0,12.0
T0138,2026-01-27,C018,P018,4,5.0,20.0
T0139,2026-02-28,C019,P019,5,6.0,30.0
T0140,2026-03-01,C020,P000,1,7.0,7.0
T0141,2026-01-02,C021,P001,2,8.0,16.0
T0142,2026-02-03,C022,P002,3,9.0,27.0
T0143,2026-03-04,C023,P003,4,10.0,40.0
T0144,2026-01-05,C024,P004,5,2.0,10.0
T0145,2026-02-06,C025,P005,1,3.0,3.0
T0146,2026-03-07,C026,P006,2,4.0,8.0
T0147,2026-01-08,C027,P007,3,5.0,15.0
T0148,2026-02-09,C028,P008,4,6.0,24.0
T0149,2026-03-10,C029,P009,5,7.0,35.0
T0150,2026-01-11,C030,P010,1,8.0,8.0
T0151,2026-02-12,C031,P011,2,9.0,18.0
T0152,2026-03-13,C032,P012,3,10.0,30.0
T0153,2026-01-14,C033,P013,4,2.0,8.0
T0154,2026-02-15,C034,P014,5,3.0,15.0
T0155,2026-03-16,C035,P015,1,4.0,4.0
T0156,2026-01-17,C036,P016,2,5.0,10.0
T0157,2026-02-18,C037,P017,3,6.0,18.0
T0158,2026-03-19,C038,P018,4,7.0,28.0
T0159,2026-01-20,C039,P019,5,8.0,40.0
T0160,2026-02-21,C000,P000,1,9.0,9.0
T0161,2026-03-22,C001,P001,2,10.0,20.0
T0162,2026-01-23,C002,P002,3,2.0,6.0
T0163,2026-02-24,C003,P003,4,3.0,12.0
T0164,2026-03-25,C004,P004,5,4.0,20.0
T0165,2026-01-26,C005,P005,1,5.0,5.0
T0166,2026-02-27,C006,P006,2,6.0,12.0
T0167,2026-03-28,C007,P007,3,7.0,21.0
T0168,2026-01-01,C008,P008,4,8.0,32.0
T0169,2026-02-02,C009,P009,5,9.0,45.0
T0170,2026-03-03,C010,P010,1,10.0,10.0
T0171,2026-01-04,C011,P011,2,2.0,4.0
T0172,2026-02-05,C012,P012,3,3.0,9.0
T0173,2026-03-06,C013,P013,4,4.0,16.0
T0174,2026-01-07,C014,P014,5,5.0,25.0
T0175,2026-02-08,C015,P015,1,6.0,6.0
T0176,2026-03-09,C016,P016,2,7.0,14.0
T0177,2026-01-10,C017,P017,3,8.0,24.0
T0178,2026-02-11,C018,P018,4,9.0,36.0
T0179,2026-03-12,C019,P019,5,10.0,50.0
T0180,2026-01-13,C020,P000,1,2.0,2.0
T0181,2026-02-14,C021,P001,2,3.0,6.0
T0182,2026-03-15,C022,P002,3,4.0,12.0
T0183,2026-01-16,C023,P003,4,5.0,20.0
T0184,2026-02-17,C024,P004,5,6.0,30.0
T0185,2026-03-18,C025,P005,1,7.0,7.0
T0186,2026-01-19,C026,P006,2,8.0,16.0
T0187,2026-02-20,C027,P007,3,9.0,27.0
T0188,2026-03-21,C028,P008,4,10.0,40.0
T0189,2026-01-22,C029,P009,5,2.0,10.0
T0190,2026-02-23,C030,P010,1,3.0,3.0
T0191,2026-03-24,C031,P011,2,4.0,8.0
T0192,2026-01-25,C032,P012,3,5.0,15.0
T0193,2026-02-26,C033,P013,4,6.0,24.0
T0194,2026-03-27,C034,P014,5,7.0,35.0
T0195,2026-01-28,C035,P015,1,8.0,8.0
T0196,2026-02-01,C036,P016,2,9.0,18.0
T0197,2026-03-02,C037,P017,3,10.0,30.0
T0198,2026-01-03,C038,P018,4,2.0,8.0
T0199,2026-02-04,C039,P019,5,3.0,15.0
T0200,2026-03-05,C000,P000,1,4.0,4.0
T0201,2026-01-06,C001,P001,2,5.0,10.0
T0202,2026-02-07,C002,P002,3,6.0,18.0
T0203,2026-03-08,C003,P003,4,7.0,28.0
T0204,2026-01-09,C004,P004,5,8.0,40.0
T0205,2026-02-10,C005,P005,1,9.0,9.0
T0206,2026-03-11,C006,P006,2,10.0,20.0
T0207,2026-01-12,C007,P007,3,2.0,6.0
T0208,2026-02-13,C008,P008,4,3.0,12.0
T0209,2026-03-14,C009,P009,5,4.0,20.0
T0210,2026-01-15,C010,P010,1,5.0,5.0
T0211,2026-02-16,C011,P011,2,6.0,12.0
T0212,2026-03-17,C012,P012,3,7.0,21.0
T0213,2026-01-18,C013,P013,4,8.0,32.0
T0214,2026-02-19,C014,P014,5,9.0,45.0
T0215,2026-03-20,C015,P015,1,10.0,10.0
T0216,2026-01-21,C016,P016,2,2.0,4.0
T0217,2026-02-22,C017,P017,3,3.0,9.0
T0218,2026-03-23,C018,P018,4,4.0,16.0
T0219,2026-01-24,C019,P019,5,5.0,25.0
T0220,2026-02-25,C020,P000,1,6.0,6.0
T0221,2026-03-26,C021,P001,2,7.0,14.0
T0222,2026-01-27,C022,P002,3,8.0,24.0
T0223,2026-02-28,C023,P003,4,9.0,36.0
T0224,2026-03-01,C024,P004,5,10.0,50.0
T0225,2026-01-02,C025,P005,1,2.0,2.0
T0226,2026-02-03,C026,P006,2,3.0,6.0
T0227,2026-03-04,C027,P007,3,4.0,12.0
T0228,2026-01-05,C028,P008,4,5.0,20.0
T0229,2026-02-06,C029,P009,5,6.0,30.0
T0230,2026-03-07,C030,P010,1,7.0,7.0
T0231,2026-01-08,C031,P011,2,8.0,16.0
T0232,2026-02-09,C032,P012,3,9.0,27.0
T0233,2026-03-10,C033,P013,4,10.0,40.0
T0234,2026-01-11,C034,P014,5,2.0,10.0
T0235,2026-02-12,C035,P015,1,3.0,3.0
T0236,2026-03-13,C036,P016,2,4.0,8.0
T0237,2026-01-14,C037,P017,3,5.0,15.0
T0238,2026-02-15,C038,P018,4,6.0,24.0
T0239,2026-03-16,C039,P019,5,7.0,35.0
T0240,2026-01-17,C000,P000,1,8.0,8.0
T0241,2026-02-18,C001,P001,2,9.0,18.0
T0242,2026-03-19,C002,P002,3,10.0,30.0
T0243,2026-01-20,C003,P003,4,2.0,8.0
T0244,2026-02-21,C004,P004,5,3.0,15.0
T0245,2026-03-22,C005,P005,1,4.0,4.0
T0246,2026-01-23,C006,P006,2,5.0,10.0
T0247,2026-02-24,C007,P007,3,6.0,18.0
T0248,2026-03-25,C008,P008,4,7.0,28.0
T0249,2026-01-26,C009,P009,5,8.0,40.0
T0250,2026-02-27,C010,P010,1,9.0,9.0
T0251,2026-03-28,C011,P011,2,10.0,20.0
T0252,2026-01-01,C012,P012,3,2.0,6.0
T0253,2026-02-02,C013,P013,4,3.0,12.0
T0254,2026-03-03,C014,P014,5,4.0,20.0
T0255,2026-01-04,C015,P015,1,5.0,5.0
T0256,2026-02-05,C016,P016,2,6.0,12.0
T0257,2026-03-06,C017,P017,3,7.0,21.0
T0258,2026-01-07,C018,P018,4,8.0,32.0
T0259,2026-02-08,C019,P019,5,9.0,45.0
T0260,2026-03-09,C020,P000,1,10.0,10.0
T0261,2026-01-10,C021,P001,2,2.0,4.0
T0262,2026-02-11,C022,P002,3,3.0,9.0
T0263,2026-03-12,C023,P003,4,4.0,16.0
T0264,2026-01-13,C024,P004,5,5.0,25.0
T0265,2026-02-14,C025,P005,1,6.0,6.0
T0266,2026-03-15,C026,P006,2,7.0,14.0
T0267,2026-01-16,C027,P007,3,8.0,24.0
T0268,2026-02-17,C028,P008,4,9.0,36.0
T0269,2026-03-18,C029,P009,5,10.0,50.0
T0270,2026-01-19,C030,P010,1,2.0,2.0
T0271,2026-02-20,C031,P011,2,3.0,6.0
T0272,2026-03-21,C032,P012,3,4.0,12.0
T0273,2026-01-22,C033,P013,4,5.0,20.0
T0274,2026-02-23,C034,P014,5,6.0,30.0
T0275,2026-03-24,C035,P015,1,7.0,7.0
T0276,2026-01-25,C036,P016,2,8.0,16.0
T0277,2026-02-26,C037,P017,3,9.0,27.0
T0278,2026-03-27,C038,P018,4,10.0,40.0
T0279,2026-01-28,C039,P019,5,2.0,10.0
T0280,2026-02-01,C000,P000,1,3.0,3.0
T0281,2026-03-02,C001,P001,2,4.0,8.0
T0282,2026-01-03,C002,P002,3,5.0,15.0
T0283,2026-02-04,C003,P003,4,6.0,24.0
T0284,2026-03-05,C004,P004,5,7.0,35.0
T0285,2026-01-06,C005,P005,1,8.0,8.0
T0286,2026-02-07,C006,P006,2,9.0,18.0
T0287,2026-03-08,C007,P007,3,10.0,30.0
T0288,2026-01-09,C008,P008,4,2.0,8.0
T0289,2026-02-10,C009,P009,5,3.0,15.0
T0290,2026-03-11,C010,P010,1,4.0,4.0
T0291,2026-01-12,C011,P011,2,5.0,10.0
T0292,2026-02-13,C012,P012,3,6.0,18.0
T0293,2026-03-14,C013,P013,4,7.0,28.0
T0294,2026-01-15,C014,P014,5,8.0,40.0
T0295,2026-02-16,C015,P015,1,9.0,9.0
T0296,2026-03-17,C016,P016,2,10.0,20.0
T0297,2026-01-18,C017,P017,3,2.0,6.0
T0298,2026-02-19,C018,P018,4,3.0,12.0
T0299,2026-03-20,C019,P019,5,4.0,20.0
T0300,2026-01-21,C020,P000,1,5.0,5.0
T0301,2026-02-22,C021,P001,2,6.0,12.0
T0302,2026-03-23,C022,P002,3,7.0,21.0
T0303,2026-01-24,C023,P003,4,8.0,32.0
T0304,2026-02-25,C024,P004,5,9.0,45.0
T0305,2026-03-26,C025,P005,1,10.0,10.0
T0306,2026-01-27,C026,P006,2,2.0,4.0
T0307,2026-02-28,C027,P007,3,3.0,9.0
T0308,2026-03-01,C028,P008,4,4.0,16.0
T0309,2026-01-02,C029,P009,5,5.0,25.0
T0310,2026-02-03,C030,P010,1,6.0,6.0
T0311,2026-03-04,C031,P011,2,7.0,14.0
T0312,2026-01-05,C032,P012,3,8.0,24.0
T0313,2026-02-06,C033,P013,4,9.0,36.0
T0314,2026-03-07,C034,P014,5,10.0,50.0
T0315,2026-01-08,C035,P015,1,2.0,2.0
T0316,2026-02-09,C036,P016,2,3.0,6.0
T0317,2026-03-10,C037,P017,3,4.0,12.0
T0318,2026-01-11,C038,P018,4,5.0,20.0
T0319,2026-02-12,C039,P019,5,6.0,30.0
T0320,2026-03-13,C000,P000,1,7.0,7.0
T0321,2026-01-14,C001,P001,2,8.0,16.0
T0322,2026-02-15,C002,P002,3,9.0,27.0
T0323,2026-03-16,C003,P003,4,10.0,40.0
T0324,2026-01-17,C004,P004,5,2.0,10.0
T0325,2026-02-18,C005,P005,1,3.0,3.0
T0326,2026-03-19,C006,P006,2,4.0,8.0
T0327,2026-01-20,C007,P007,3,5.0,15.0
T0328,2026-02-21,C008,P008,4,6.0,24.0
T0329,2026-03-22,C009,P009,5,7.0,35.0
T0330,2026-01-23,C010,P010,1,8.0,8.0
T0331,2026-02-24,C011,P011,2,9.0,18.0
T0332,2026-03-25,C012,P012,3,10.0,30.0
T0333,2026-01-26,C013,P013,4,2.0,8.0
T0334,2026-02-27,C014,P014,5,3.0,15.0
T0335,2026-03-28,C015,P015,1,4.0,4.0
T0336,2026-01-01,C016,P016,2,5.0,10.0
T0337,2026-02-02,C017,P017,3,6.0,18.0
T0338,2026-03-03,C018,P018,4,7.0,28.0
T0339,2026-01-04,C019,P019,5,8.0,40.0
T0340,2026-02-05,C020,P000,1,9.0,9.0
T0341,2026-03-06,C021,P001,2,10.0,20.0
T0342,2026-01-07,C022,P002,3,2.0,6.0
T0343,2026-02-08,C023,P003,4,3.0,12.0
T0344,2026-03-09,C024,P004,5,4.0,20.0
T0345,2026-01-10,C025,P005,1,5.0,5.0
T0346,2026-02-11,C026,P006,2,6.0,12.0
T0347,2026-03-12,C027,P007,3,7.0,21.0
T0348,2026-01-13,C028,P008,4,8.0,32.0
T0349,2026-02-14,C029,P009,5,9.0,45.0
T0350,2026-03-15,C030,P010,1,10.0,10.0
T0351,2026-01-16,C031,P011,2,2.0,4.0
T0352,2026-02-17,C032,P012,3,3.0,9.0
T0353,2026-03-18,C033,P013,4,4.0,16.0
T0354,2026-01-19,C034,P014,5,5.0,25.0
T0355,2026-02-20,C035,P015,1,6.0,6.0
T0356,2026-03-21,C036,P016,2,7.0,14.0
T0357,2026-01-22,C037,P017,3,8.0,24.0
T0358,2026-02-23,C038,P018,4,9.0,36.0
T0359,2026-03-24,C039,P019,5,10.0,50.0
T0360,2026-01-25,C000,P000,1,2.0,2.0
T0361,2026-02-26,C001,P001,2,3.0,6.0
T0362,2026-03-27,C002,P002,3,4.0,12.0
T0363,2026-01-28,C003,P003,4,5.0,20.0
T0364,2026-02-01,C004,P004,5,6.0,30.0
T0365,2026-03-02,C005,P005,1,7.0,7.0
T0366,2026-01-03,C006,P006,2,8.0,16.0
T0367,2026-02-04,C007,P007,3,9.0,27.0
T0368,2026-03-05,C008,P008,4,10.0,40.0
T0369,2026-01-06,C009,P009,5,2.0,10.0
T0370,2026-02-07,C010,P010,1,3.0,3.0
T0371,2026-03-08,C011,P011,2,4.0,8.0
T0372,2026-01-09,C012,P012,3,5.0,15.0
T0373,2026-02-10,C013,P013,4,6.0,24.0
T0374,2026-03-11,C014,P014,5,7.0,35.0
T0375,2026-01-12,C015,P015,1,8.0,8.0
T0376,2026-02-13,C016,P016,2,9.0,18.0
T0377,2026-03-14,C017,P017,3,10.0,30.0
T0378,2026-01-15,C018,P018,4,2.0,8.0
T0379,2026-02-16,C019,P019,5,3.0,15.0
T0380,2026-03-17,C020,P000,1,4.0,4.0
T0381,2026-01-18,C021,P001,2,5.0,10.0
T0382,2026-02-19,C022,P002,3,6.0,18.0
T0383,2026-03-20,C023,P003,4,7.0,28.0
T0384,2026-01-21,C024,P004,5,8.0,40.0
T0385,2026-02-22,C025,P005,1,9.0,9.0
T0386,2026-03-23,C026,P006,2,10.0,20.0
T0387,2026-01-24,C027,P007,3,2.0,6.0
T0388,2026-02-25,C028,P008,4,3.0,12.0
T0389,2026-03-26,C029,P009,5,4.0,20.0
T0390,2026-01-27,C030,P010,1,5.0,5.0
T0391,2026-02-28,C031,P011,2,6.0,12.0
T0392,2026-03-01,C032,P012,3,7.0,21.0
T0393,2026-01-02,C033,P013,4,8.0,32.0
T0394,2026-02-03,C034,P014,5,9.0,45.0
T0395,2026-03-04,C035,P015,1,10.0,10.0
T0396,2026-01-05,C036,P016,2,2.0,4.0
T0397,2026-02-06,C037,P017,3,3.0,9.0
T0398,2026-03-07,C038,P018,4,4.0,16.0
T0399,2026-01-08,C039,P019,5,5.0,25.0
T0400,2026-02-09,C000,P000,1,6.0,6.0
T0401,2026-03-10,C001,P001,2,7.0,14.0
T0402,2026-01-11,C002,P002,3,8.0,24.0
T0403,2026-02-12,C003,P003,4,9.0,36.0
T0404,2026-03-13,C004,P004,5,10.0,50.0
T0405,2026-01-14,C005,P005,1,2.0,2.0
T0406,2026-02-15,C006,P006,2,3.0,6.0
T0407,2026-03-16,C007,P007,3,4.0,12.0
T0408,2026-01-17,C008,P008,4,5.0,20.0
T0409,2026-02-18,C009,P009,5,6.0,30.0
T0410,2026-03-19,C010,P010,1,7.0,7.0
T0411,2026-01-20,C011,P011,2,8.0,16.0
T0412,2026-02-21,C012,P012,3,9.0,27.0
T0413,2026-03-22,C013,P013,4,10.0,40.0
T0414,2026-01-23,C014,P014,5,2.0,10.0
T0415,2026-02-24,C015,P015,1,3.0,3.0
T0416,2026-03-25,C016,P016,2,4.0,8.0
T0417,2026-01-26,C017,P017,3,5.0,15.0
T0418,2026-02-27,C018,P018,4,6.0,24.0
T0419,2026-03-28,C019,P019,5,7.0,35.0
T0420,2026-01-01,C020,P000,1,8.0,8.0
T0421,2026-02-02,C021,P001,2,9.0,18.0
T0422,2026-03-03,C022,P002,3,10.0,30.0
T0423,2026-01-04,C023,P003,4,2.0,8.0
T0424,2026-02-05,C024,P004,5,3.0,15.0
T0425,2026-03-06,C025,P005,1,4.0,4.0
T0426,2026-01-07,C026,P006,2,5.0,10.0
T0427,2026-02-08,C027,P007,3,6.0,18.0
T0428,2026-03-09,C028,P008,4,7.0,28.0
T0429,2026-01-10,C029,P009,5,8.0,40.0
T0430,2026-02-11,C030,P010,1,9.0,9.0
T0431,2026-03-12,C031,P011,2,10.0,20.0
T0432,2026-01-13,C032,P012,3,2.0,6.0
T0433,2026-02-14,C033,P013,4,3.0,12.0
T0434,2026-03-15,C034,P014,5,4.0,20.0
T0435,2026-01-16,C035,P015,1,5.0,5.0
T0436,2026-02-17,C036,P016,2,6.0,12.0
T0437,2026-03-18,C037,P017,3,7.0,21.0
T0438,2026-01-19,C038,P018,4,8.0,32.0
T0439,2026-02-20,C039,P019,5,9.0,45.0
T0440,2026-03-21,C000,P000,1,10.0,10.0
T0441,2026-01-22,C001,P001,2,2.0,4.0
T0442,2026-02-23,C002,P002,3,3.0,9.0
T0443,2026-03-24,C003,P003,4,4.0,16.0
T0444,2026-01-25,C004,P004,5,5.0,25.0
T0445,2026-02-26,C005,P005,1,6.0,6.0
T0446,2026-03-27,C006,P006,2,7.0,14.0
T0447,2026-01-28,C007,P007,3,8.0,24.0
T0448,2026-02-01,C008,P008,4,9.0,36.0
T0449,2026-03-02,C009,P009,5,10.0,50.0
T0450,2026-01-03,C010,P010,1,2.0,2.0
T0451,2026-02-04,C011,P011,2,3.0,6.0
T0452,2026-03-05,C012,P012,3,4.0,12.0
T0453,2026-01-06,C013,P013,4,5.0,20.0
T0454,2026-02-07,C014,P014,5,6.0,30.0
T0455,2026-03-08,C015,P015,1,7.0,7.0
T0456,2026-01-09,C016,P016,2,8.0,16.0
T0457,2026-02-10,C017,P017,3,9.0,27.0
T0458,2026-03-11,C018,P018,4,10.0,40.0
T0459,2026-01-12,C019,P019,5,2.0,10.0
T0460,2026-02-13,C020,P000,1,3.0,3.0
T0461,2026-03-14,C021,P001,2,4.0,8.0
T0462,2026-01-15,C022,P002,3,5.0,15.0
T0463,2026-02-16,C023,P003,4,6.0,24.0
T0464,2026-03-17,C024,P004,5,7.0,35.0
T0465,2026-01-18,C025,P005,1,8.0,8.0
T0466,2026-02-19,C026,P006,2,9.0,18.0
T0467,2026-03-20,C027,P007,3,10.0,30.0
T0468,2026-01-21,C028,P008,4,2.0,8.0
T0469,2026-02-22,C029,P009,5,3.0,15.0
T0470,2026-03-23,C030,P010,1,4.0,4.0
T0471,2026-01-24,C031,P011,2,5.0,10.0
T0472,2026-02-25,C032,P012,3,6.0,18.0
T0473,2026-03-26,C033,P013,4,7.0,28.0
T0474,2026-01-27,C034,P014,5,8.0,40.0
T0475,2026-02-28,C035,P015,1,9.0,9.0
T0476,2026-03-01,C036,P016,2,10.0,20.0
T0477,2026-01-02,C037,P017,3,2.0,6.0
T0478,2026-02-03,C038,P018,4,3.0,12.0
T0479,2026-03-04,C039,P019,5,4.0,20.0
T0480,2026-01-05,C000,P000,1,5.0,5.0
T0481,2026-02-06,C001,P001,2,6.0,12.0
T0482,2026-03-07,C002,P002,3,7.0,21.0
T0483,2026-01-08,C003,P003,4,8.0,32.0
T0484,2026-02-09,C004,P004,5,9.0,45.0
T0485,2026-03-10,C005,P005,1,10.0,10.0
T0486,2026-01-11,C006,P006,2,2.0,4.0
T0487,2026-02-12,C007,P007,3,3.0,9.0
T0488,2026-03-13,C008,P008,4,4.0,16.0
T0489,2026-01-14,C009,P009,5,5.0,25.0
T0490,2026-02-15,C010,P010,1,6.0,6.0
T0491,2026-03-16,C011,P011,2,7.0,14.0
T0492,2026-01-17,C012,P012,3,8.0,24.0
T0493,2026-02-18,C013,P013,4,9.0,36.0
T0494,2026-03-19,C014,P014,5,10.0,50.0
T0495,2026-01-20,C015,P015,1,2.0,2.0
T0496,2026-02-21,C016,P016,2,3.0,6.0
T0497,2026-03-22,C017,P017,3,4.0,12.0
T0498,2026-01-23,C018,P018,4,5.0,20.0
T0499,2026-02-24,C019,P019,5,6.0,30.0
T0500,2026-03-25,C020,P000,1,7.0,7.0
T0501,2026-01-26,C021,P001,2,8.0,16.0
T0502,2026-02-27,C022,P002,3,9.0,27.0
T0503,2026-03-28,C023,P003,4,10.0,40.0
T0504,2026-01-01,C024,P004,5,2.0,10.0
T0505,2026-02-02,C025,P005,1,3.0,3.0
T0506,2026-03-03,C026,P006,2,4.0,8.0
T0507,2026-01-04,C027,P007,3,5.0,15.0
T0508,2026-02-05,C028,P008,4,6.0,24.0
T0509,2026-03-06,C029,P009,5,7.0,35.0
T0510,2026-01-07,C030,P010,1,8.0,8.0
T0511,2026-02-08,C031,P011,2,9.0,18.0
T0512,2026-03-09,C032,P012,3,10.0,30.0
T0513,2026-01-10,C033,P013,4,2.0,8.0
T0514,2026-02-11,C034,P014,5,3.0,15.0
T0515,2026-03-12,C035,P015,1,4.0,4.0
T0516,2026-01-13,C036,P016,2,5.0,10.0
T0517,2026-02-14,C037,P017,3,6.0,18.0
T0518,2026-03-15,C038,P018,4,7.0,28.0
T0519,2026-01-16,C039,P019,5,8.0,40.0
T0520,2026-02-17,C000,P000,1,9.0,9.0
T0521,2026-03-18,C001,P001,2,10.0,20.0
T0522,2026-01-19,C002,P002,3,2.0,6.0
T0523,2026-02-20,C003,P003,4,3.0,12.0
T0524,2026-03-21,C004,P004,5,4.0,20.0
T0525,2026-01-22,C005,P005,1,5.0,5.0
T0526,2026-02-23,C006,P006,2,6.0,12.0
T0527,2026-03-24,C007,P007,3,7.0,21.0
T0528,2026-01-25,C008,P008,4,8.0,32.0
T0529,2026-02-26,C009,P009,5,9.0,45.0
T0530,2026-03-27,C010,P010,1,10.0,10.0
T0531,2026-01-28,C011,P011,2,2.0,4.0
T0532,2026-02-01,C012,P012,3,3.0,9.0
T0533,2026-03-02,C013,P013,4,4.0,16.0
T0534,2026-01-03,C014,P014,5,5.0,25.0
T0535,2026-02-04,C015,P015,1,6.0,6.0
T0536,2026-03-05,C016,P016,2,7.0,14.0
T0537,2026-01-06,C017,P017,3,8.0,24.0
T0538,2026-02-07,C018,P018,4,9.0,36.0
T0539,2026-03-08,C019,P019,5,10.0,50.0
T0540,2026-01-09,C020,P000,1,2.0,2.0
T0541,2026-02-10,C021,P001,2,3.0,6.0
T0542,2026-03-11,C022,P002,3,4.0,12.0
T0543,2026-01-12,C023,P003,4,5.0,20.0
T0544,2026-02-13,C024,P004,5,6.0,30.0
T0545,2026-03-14,C025,P005,1,7.0,7.0
T0546,2026-01-15,C026,P006,2,8.0,16.0
T0547,2026-02-16,C027,P007,3,9.0,27.0
T0548,2026-03-17,C028,P008,4,10.0,40.0
T0549,2026-01-18,C029,P009,5,2.0,10.0
T0550,2026-02-19,C030,P010,1,3.0,3.0
T0551,2026-03-20,C031,P011,2,4.0,8.0
T0552,2026-01-21,C032,P012,3,5.0,15.0
T0553,2026-02-22,C033,P013,4,6.0,24.0
T0554,2026-03-23,C034,P014,5,7.0,35.0
T0555,2026-01-24,C035,P015,1,8.0,8.0
T0556,2026-02-25,C036,P016,2,9.0,18.0
T0557,2026-03-26,C037,P017,3,10.0,30.0
T0558,2026-01-27,C038,P018,4,2.0,8.0
T0559,2026-02-28,C039,P019,5,3.0,15.0
T0560,2026-03-01,C000,P000,1,4.0,4.0
T0561,2026-01-02,C001,P001,2,5.0,10.0
T0562,2026-02-03,C002,P002,3,6.0,18.0
T0563,2026-03-04,C003,P003,4,7.0,28.0
T0564,2026-01-05,C004,P004,5,8.0,40.0
T0565,2026-02-06,C005,P005,1,9.0,9.0
T0566,2026-03-07,C006,P006,2,10.0,20.0
T0567,2026-01-08,C007,P007,3,2.0,6.0
T0568,2026-02-09,C008,P008,4,3.0,12.0
T0569,2026-03-10,C009,P009,5,4.0,20.0
T0570,2026-01-11,C010,P010,1,5.0,5.0
T0571,2026-02-12,C011,P011,2,6.0,12.0
T0572,2026-03-13,C012,P012,3,7.0,21.0
T0573,2026-01-14,C013,P013,4,8.0,32.0
T0574,2026-02-15,C014,P014,5,9.0,45.0
T0575,2026-03-16,C015,P015,1,10.0,10.0
T0576,2026-01-17,C016,P016,2,2.0,4.0
T0577,2026-02-18,C017,P017,3,3.0,9.0
T0578,2026-03-19,C018,P018,4,4.0,16.0
T0579,2026-01-20,C019,P019,5,5.0,25.0
T0580,2026-02-21,C020,P000,1,6.0,6.0
T0581,2026-03-22,C021,P001,2,7.0,14.0
T0582,2026-01-23,C022,P002,3,8.0,24.0
T0583,2026-02-24,C023,P003,4,9.0,36.0
T0584,2026-03-25,C024,P004,5,10.0,50.0
T0585,2026-01-26,C025,P005,1,2.0,2.0
T0586,2026-02-27,C026,P006,2,3.0,6.0
T0587,2026-03-28,C027,P007,3,4.0,12.0
T0588,2026-01-01,C028,P008,4,5.0,20.0
T0589,2026-02-02,C029,P009,5,6.0,30.0
T0590,2026-03-03,C030,P010,1,7.0,7.0
T0591,2026-01-04,C031,P011,2,8.0,16.0
T0592,2026-02-05,C032,P012,3,9.0,27.0
T0593,2026-03-06,C033,P013,4,10.0,40.0
T0594,2026-01-07,C034,P014,5,2.0,10.0
T0595,2026-02-08,C035,P015,1,3.0,3.0
T0596,2026-03-09,C036,P016,2,4.0,8.0
T0597,2026-01-10,C037,P017,3,5.0,15.0
T0598,2026-02-11,C038,P018,4,6.0,24.0
T0599,2026-03-12,C039,P019,5,7.0,35.0
T0600,2026-01-13,C000,P000,1,8.0,8.0
T0601,2026-02-14,C001,P001,2,9.0,18.0
T0602,2026-03-15,C002,P002,3,10.0,30.0
T0603,2026-01-16,C003,P003,4,2.0,8.0
T0604,2026-02-17,C004,P004,5,3.0,15.0
T0605,2026-03-18,C005,P005,1,4.0,4.0
T0606,2026-01-19,C006,P006,2,5.0,10.0
T0607,2026-02-20,C007,P007,3,6.0,18.0
T0608,2026-03-21,C008,P008,4,7.0,28.0
T0609,2026-01-22,C009,P009,5,8.0,40.0
T0610,2026-02-23,C010,P010,1,9.0,9.0
T0611,2026-03-24,C011,P011,2,10.0,20.0
T0612,2026-01-25,C012,P012,3,2.0,6.0
T0613,2026-02-26,C013,P013,4,3.0,12.0
T0614,2026-03-27,C014,P014,5,4.0,20.0
T0615,2026-01-28,C015,P015,1,5.0,5.0
T0616,2026-02-01,C016,P016,2,6.0,12.0
T0617,2026-03-02,C017,P017,3,7.0,21.0
T0618,2026-01-03,C018,P018,4,8.0,32.0
T0619,2026-02-04,C019,P019,5,9.0,45.0
T0620,2026-03-05,C020,P000,1,10.0,10.0
T0621,2026-01-06,C021,P001,2,2.0,4.0
T0622,2026-02-07,C022,P002,3,3.0,9.0
T0623,2026-03-08,C023,P003,4,4.0,16.0
T0624,2026-01-09,C024,P004,5,5.0,25.0
T0625,2026-02-10,C025,P005,1,6.0,6.0
T0626,2026-03-11,C026,P006,2,7.0,14.0
T0627,2026-01-12,C027,P007,3,8.0,24.0
T0628,2026-02-13,C028,P008,4,9.0,36.0
T0629,2026-03-14,C029,P009,5,10.0,50.0
T0630,2026-01-15,C030,P010,1,2.0,2.0
T0631,2026-02-16,C031,P011,2,3.0,6.0
T0632,2026-03-17,C032,P012,3,4.0,12.0
T0633,2026-01-18,C033,P013,4,5.0,20.0
T0634,2026-02-19,C034,P014,5,6.0,30.0
T0635,2026-03-20,C035,P015,1,7.0,7.0
T0636,2026-01-21,C036,P016,2,8.0,16.0
T0637,2026-02-22,C037,P017,3,9.0,27.0
T0638,2026-03-23,C038,P018,4,10.0,40.0
T0639,2026-01-24,C039,P019,5,2.0,10.0
T0640,2026-02-25,C000,P000,1,3.0,3.0
T0641,2026-03-26,C001,P001,2,4.0,8.0
T0642,2026-01-27,C002,P002,3,5.0,15.0
T0643,2026-02-28,C003,P003,4,6.0,24.0
T0644,2026-03-01,C004,P004,5,7.0,35.0
T0645,2026-01-02,C005,P005,1,8.0,8.0
T0646,2026-02-03,C006,P006,2,9.0,18.0
T0647,2026-03-04,C007,P007,3,10.0,30.0
T0648,2026-01-05,C008,P008,4,2.0,8.0
T0649,2026-02-06,C009,P009,5,3.0,15.0
T0650,2026-03-07,C010,P010,1,4.0,4.0
T0651,2026-01-08,C011,P011,2,5.0,10.0
T0652,2026-02-09,C012,P012,3,6.0,18.0
T0653,2026-03-10,C013,P013,4,7.0,28.0
T0654,2026-01-11,C014,P014,5,8.0,40.0
T0655,2026-02-12,C015,P015,1,9.0,9.0
T0656,2026-03-13,C016,P016,2,10.0,20.0
T0657,2026-01-14,C017,P017,3,2.0,6.0
T0658,2026-02-15,C018,P018,4,3.0,12.0
T0659,2026-03-16,C019,P019,5,4.0,20.0
T0660,2026-01-17,C020,P000,1,5.0,5.0
T0661,2026-02-18,C021,P001,2,6.0,12.0
T0662,2026-03-19,C022,P002,3,7.0,21.0
T0663,2026-01-20,C023,P003,4,8.0,32.0
T0664,2026-02-21,C024,P004,5,9.0,45.0
T0665,2026-03-22,C025,P005,1,10.0,10.0
T0666,2026-01-23,C026,P006,2,2.0,4.0
T0667,2026-02-24,C027,P007,3,3.0,9.0
T0668,2026-03-25,C028,P008,4,4.0,16.0
T0669,2026-01-26,C029,P009,5,5.0,25.0
T0670,2026-02-27,C030,P010,1,6.0,6.0
T0671,2026-03-28,C031,P011,2,7.0,14.0
T0672,2026-01-01,C032,P012,3,8.0,24.0
T0673,2026-02-02,C033,P013,4,9.0,36.0
T0674,2026-03-03,C034,P014,5,10.0,50.0
T0675,2026-01-04,C035,P015,1,2.0,2.0
T0676,2026-02-05,C036,P016,2,3.0,6.0
T0677,2026-03-06,C037,P017,3,4.0,12.0
T0678,2026-01-07,C038,P018,4,5.0,20.0
T0679,2026-02-08,C039,P019,5,6.0,30.0
T0680,2026-03-09,C000,P000,1,7.0,7.0
T0681,2026-01-10,C001,P001,2,8.0,16.0
T0682,2026-02-11,C002,P002,3,9.0,27.0
T0683,2026-03-12,C003,P003,4,10.0,40.0
T0684,2026-01-13,C004,P004,5,2.0,10.0
T0685,2026-02-14,C005,P005,1,3.0,3.0
T0686,2026-03-15,C006,P006,2,4.0,8.0
T0687,2026-01-16,C007,P007,3,5.0,15.0
T0688,2026-02-17,C008,P008,4,6.0,24.0
T0689,2026-03-18,C009,P009,5,7.0,35.0
T0690,2026-01-19,C010,P010,1,8.0,8.0
T0691,2026-02-20,C011,P011,2,9.0,18.0
T0692,2026-03-21,C012,P012,3,10.0,30.0
T0693,2026-01-22,C013,P013,4,2.0,8.0
T0694,2026-02-23,C014,P014,5,3.0,15.0
T0695,2026-03-24,C015,P015,1,4.0,4.0
T0696,2026-01-25,C016,P016,2,5.0,10.0
T0697,2026-02-26,C017,P017,3,6.0,18.0
T0698,2026-03-27,C018,P018,4,7.0,28.0
T0699,2026-01-28,C019,P019,5,8.0,40.0
T0700,2026-02-01,C020,P000,1,9.0,9.0
T0701,2026-03-02,C021,P001,2,10.0,20.0
T0702,2026-01-03,C022,P002,3,2.0,6.0
T0703,2026-02-04,C023,P003,4,3.0,12.0
T0704,2026-03-05,C024,P004,5,4.0,20.0
T0705,2026-01-06,C025,P005,1,5.0,5.0
T0706,2026-02-07,C026,P006,2,6.0,12.0
T0707,2026-03-08,C027,P007,3,7.0,21.0
T0708,2026-01-09,C028,P008,4,8.0,32.0
T0709,2026-02-10,C029,P009,5,9.0,45.0
T0710,2026-03-11,C030,P010,1,10.0,10.0
T0711,2026-01-12,C031,P011,2,2.0,4.0
T0712,2026-02-13,C032,P012,3,3.0,9.0
T0713,2026-03-14,C033,P013,4,4.0,16.0
T0714,2026-01-15,C034,P014,5,5.0,25.0
T0715,2026-02-16,C035,P015,1,6.0,6.0
T0716,2026-03-17,C036,P016,2,7.0,14.0
T0717,2026-01-18,C037,P017,3,8.0,24.0
T0718,2026-02-19,C038,P018,4,9.0,36.0
T0719,2026-03-20,C039,P019,5,10.0,50.0
T0720,2026-01-21,C000,P000,1,2.0,2.0
T0721,2026-02-22,C001,P001,2,3.0,6.0
T0722,2026-03-23,C002,P002,3,4.0,12.0
T0723,2026-01-24,C003,P003,4,5.0,20.0
T0724,2026-02-25,C004,P004,5,6.0,30.0
T0725,2026-03-26,C005,P005,1,7.0,7.0
T0726,2026-01-27,C006,P006,2,8.0,16.0
T0727,2026-02-28,C007,P007,3,9.0,27.0
T0728,2026-03-01,C008,P008,4,10.0,40.0
T0729,2026-01-02,C009,P009,5,2.0,10.0
T0730,2026-02-03,C010,P010,1,3.0,3.0
T0731,2026-03-04,C011,P011,2,4.0,8.0
T0732,2026-01-05,C012,P012,3,5.0,15.0
T0733,2026-02-06,C013,P013,4,6.0,24.0
T0734,2026-03-07,C014,P014,5,7.0,35.0
T0735,2026-01-08,C015,P015,1,8.0,8.0
T0736,2026-02-09,C016,P016,2,9.0,18.0
T0737,2026-03-10,C017,P017,3,10.0,30.0
T0738,2026-01-11,C018,P018,4,2.0,8.0
T0739,2026-02-12,C019,P019,5,3.0,15.0
T0740,2026-03-13,C020,P000,1,4.0,4.0
T0741,2026-01-14,C021,P001,2,5.0,10.0
T0742,2026-02-15,C022,P002,3,6.0,18.0
T0743,2026-03-16,C023,P003,4,7.0,28.0
T0744,2026-01-17,C024,P004,5,8.0,40.0
T0745,2026-02-18,C025,P005,1,9.0,9.0
T0746,2026-03-19,C026,P006,2,10.0,20.0
T0747,2026-01-20,C027,P007,3,2.0,6.0
T0748,2026-02-21,C028,P008,4,3.0,12.0
T0749,2026-03-22,C029,P009,5,4.0,20.0
T0750,2026-01-23,C030,P010,1,5.0,5.0
T0751,2026-02-24,C031,P011,2,6.0,12.0
T0752,2026-03-25,C032,P012,3,7.0,21.0
T0753,2026-01-26,C033,P013,4,8.0,32.0
T0754,2026-02-27,C034,P014,5,9.0,45.0
T0755,2026-03-28,C035,P015,1,10.0,10.0
T0756,2026-01-01,C036,P016,2,2.0,4.0
T0757,2026-02-02,C037,P017,3,3.0,9.0
T0758,2026-03-03,C038,P018,4,4.0,16.0
T0759,2026-01-04,C039,P019,5,5.0,25.0
T0760,2026-02-05,C000,P000,1,6.0,6.0
T0761,2026-03-06,C001,P001,2,7.0,14.0
T0762,2026-01-07,C002,P002,3,8.0,24.0
T0763,2026-02-08,C003,P003,4,9.0,36.0
T0764,2026-03-09,C004,P004,5,10.0,50.0
T0765,2026-01-10,C005,P005,1,2.0,2.0
T0766,2026-02-11,C006,P006,2,3.0,6.0
T0767,2026-03-12,C007,P007,3,4.0,12.0
T0768,2026-01-13,C008,P008,4,5.0,20.0
T0769,2026-02-14,C009,P009,5,6.0,30.0
T0770,2026-03-15,C010,P010,1,7.0,7.0
T0771,2026-01-16,C011,P011,2,8.0,16.0
T0772,2026-02-17,C012,P012,3,9.0,27.0
T0773,2026-03-18,C013,P013,4,10.0,40.0
T0774,2026-01-19,C014,P014,5,2.0,10.0
T0775,2026-02-20,C015,P015,1,3.0,3.0
T0776,2026-03-21,C016,P016,2,4.0,8.0
T0777,2026-01-22,C017,P017,3,5.0,15.0
T0778,2026-02-23,C018,P018,4,6.0,24.0
T0779,2026-03-24,C019,P019,5,7.0,35.0
T0780,2026-01-25,C020,P000,1,8.0,8.0
T0781,2026-02-26,C021,P001,2,9.0,18.0
T0782,2026-03-27,C022,P002,3,10.0,30.0
T0783,2026-01-28,C023,P003,4,2.0,8.0
T0784,2026-02-01,C024,P004,5,3.0,15.0
T0785,2026-03-02,C025,P005,1,4.0,4.0
T0786,2026-01-03,C026,P006,2,5.0,10.0
T0787,2026-02-04,C027,P007,3,6.0,18.0
T0788,2026-03-05,C028,P008,4,7.0,28.0
T0789,2026-01-06,C029,P009,5,8.0,40.0
T0790,2026-02-07,C030,P010,1,9.0,9.0
T0791,2026-03-08,C031,P011,2,10.0,20.0
T0792,2026-01-09,C032,P012,3,2.0,6.0
T0793,2026-02-10,C033,P013,4,3.0,12.0
T0794,2026-03-11,C034,P014,5,4.0,20.0
T0795,2026-01-12,C035,P015,1,5.0,5.0
T0796,2026-02-13,C036,P016,2,6.0,12.0
T0797,2026-03-14,C037,P017,3,7.0,21.0
T0798,2026-01-15,C038,P018,4,8.0,32.0
T0799,2026-02-16,C039,P019,5,9.0,45.0
T0800,2026-03-17,C000,P000,1,10.0,10.0
T0801,2026-01-18,C001,P001,2,2.0,4.0
T0802,2026-02-19,C002,P002,3,3.0,9.0
T0803,2026-03-20,C003,P003,4,4.0,16.0
T0804,2026-01-21,C004,P004,5,5.0,25.0
T0805,2026-02-22,C005,P005,1,6.0,6.0
T0806,2026-03-23,C006,P006,2,7.0,14.0
T0807,2026-01-24,C007,P007,3,8.0,24.0
T0808,2026-02-25,C008,P008,4,9.0,36.0
T0809,2026-03-26,C009,P009,5,10.0,50.0
T0810,2026-01-27,C010,P010,1,2.0,2.0
T0811,2026-02-28,C011,P011,2,3.0,6.0
T0812,2026-03-01,C012,P012,3,4.0,12.0
T0813,2026-01-02,C013,P013,4,5.0,20.0
T0814,2026-02-03,C014,P014,5,6.0,30.0
T0815,2026-03-04,C015,P015,1,7.0,7.0
T0816,2026-01-05,C016,P016,2,8.0,16.0
T0817,2026-02-06,C017,P017,3,9.0,27.0
T0818,2026-03-07,C018,P018,4,10.0,40.0
T0819,2026-01-08,C019,P019,5,2.0,10.0
T0820,2026-02-09,C020,P000,1,3.0,3.0
T0821,2026-03-10,C021,P001,2,4.0,8.0
T0822,2026-01-11,C022,P002,3,5.0,15.0
T0823,2026-02-12,C023,P003,4,6.0,24.0
T0824,2026-03-13,C024,P004,5,7.0,35.0
T0825,2026-01-14,C025,P005,1,8.0,8.0
T0826,2026-02-15,C026,P006,2,9.0,18.0
T0827,2026-03-16,C027,P007,3,10.0,30.0
T0828,2026-01-17,C028,P008,4,2.0,8.0
T0829,2026-02-18,C029,P009,5,3.0,15.0
T0830,2026-03-19,C030,P010,1,4.0,4.0
T0831,2026-01-20,C031,P011,2,5.0,10.0
T0832,2026-02-21,C032,P012,3,6.0,18.0
T0833,2026-03-22,C033,P013,4,7.0,28.0
T0834,2026-01-23,C034,P014,5,8.0,40.0
T0835,2026-02-24,C035,P015,1,9.0,9.0
T0836,2026-03-25,C036,P016,2,10.0,20.0
T0837,2026-01-26,C037,P017,3,2.0,6.0
T0838,2026-02-27,C038,P018,4,3.0,12.0
T0839,2026-03-28,C039,P019,5,4.0,20.0
T0840,2026-01-01,C000,P000,1,5.0,5.0
T0841,2026-02-02,C001,P001,2,6.0,12.0
T0842,2026-03-03,C002,P002,3,7.0,21.0
T0843,2026-01-04,C003,P003,4,8.0,32.0
T0844,2026-02-05,C004,P004,5,9.0,45.0
T0845,2026-03-06,C005,P005,1,10.0,10.0
T0846,2026-01-07,C006,P006,2,2.0,4.0
T0847,2026-02-08,C007,P007,3,3.0,9.0
T0848,2026-03-09,C008,P008,4,4.0,16.0
T0849,2026-01-10,C009,P009,5,5.0,25.0
T0850,2026-02-11,C010,P010,1,6.0,6.0
T0851,2026-03-12,C011,P011,2,7.0,14.0
T0852,2026-01-13,C012,P012,3,8.0,24.0
T0853,2026-02-14,C013,P013,4,9.0,36.0
T0854,2026-03-15,C014,P014,5,10.0,50.0
T0855,2026-01-16,C015,P015,1,2.0,2.0
T0856,2026-02-17,C016,P016,2,3.0,6.0
T0857,2026-03-18,C017,P017,3,4.0,12.0
T0858,2026-01-19,C018,P018,4,5.0,20.0
T0859,2026-02-20,C019,P019,5,6.0,30.0
T0860,2026-03-21,C020,P000,1,7.0,7.0
T0861,2026-01-22,C021,P001,2,8.0,16.0
T0862,2026-02-23,C022,P002,3,9.0,27.0
T0863,2026-03-24,C023,P003,4,10.0,40.0
T0864,2026-01-25,C024,P004,5,2.0,10.0
T0865,2026-02-26,C025,P005,1,3.0,3.0
T0866,2026-03-27,C026,P006,2,4.0,8.0
T0867,2026-01-28,C027,P007,3,5.0,15.0
T0868,2026-02-01,C028,P008,4,6.0,24.0
T0869,2026-03-02,C029,P009,5,7.0,35.0
T0870,2026-01-03,C030,P010,1,8.0,8.0
T0871,2026-02-04,C031,P011,2,9.0,18.0
T0872,2026-03-05,C032,P012,3,10.0,30.0
T0873,2026-01-06,C033,P013,4,2.0,8.0
T0874,2026-02-07,C034,P014,5,3.0,15.0
T0875,2026-03-08,C035,P015,1,4.0,4.0
T0876,2026-01-09,C036,P016,2,5.0,10.0
T0877,2026-02-10,C037,P017,3,6.0,18.0
T0878,2026-03-11,C038,P018,4,7.0,28.0
T0879,2026-01-12,C039,P019,5,8.0,40.0
T0880,2026-02-13,C000,P000,1,9.0,9.0
T0881,2026-03-14,C001,P001,2,10.0,20.0
T0882,2026-01-15,C002,P002,3,2.0,6.0
T0883,2026-02-16,C003,P003,4,3.0,12.0
T0884,2026-03-17,C004,P004,5,4.0,20.0
T0885,2026-01-18,C005,P005,1,5.0,5.0
T0886,2026-02-19,C006,P006,2,6.0,12.0
T0887,2026-03-20,C007,P007,3,7.0,21.0
T0888,2026-01-21,C008,P008,4,8.0,32.0
T0889,2026-02-22,C009,P009,5,9.0,45.0
T0890,2026-03-23,C010,P010,1,10.0,10.0
T0891,2026-01-24,C011,P011,2,2.0,4.0
T0892,2026-02-25,C012,P012,3,3.0,9.0
T0893,2026-03-26,C013,P013,4,4.0,16.0
T0894,2026-01-27,C014,P014,5,5.0,25.0
T0895,2026-02-28,C015,P015,1,6.0,6.0
T0896,2026-03-01,C016,P016,2,7.0,14.0
T0897,2026-01-02,C017,P017,3,8.0,24.0
T0898,2026-02-03,C018,P018,4,9.0,36.0
T0899,2026-03-04,C019,P019,5,10.0,50.0
T0900,2026-01-05,C020,P000,1,2.0,2.0
T0901,2026-02-06,C021,P001,2,3.0,6.0
T0902,2026-03-07,C022,P002,3,4.0,12.0
T0903,2026-01-08,C023,P003,4,5.0,20.0
T0904,2026-02-09,C024,P004,5,6.0,30.0
T0905,2026-03-10,C025,P005,1,7.0,7.0
T0906,2026-01-11,C026,P006,2,8.0,16.0
T0907,2026-02-12,C027,P007,3,9.0,27.0
T0908,2026-03-13,C028,P008,4,10.0,40.0
T0909,2026-01-14,C029,P009,5,2.0,10.0
T0910,2026-02-15,C030,P010,1,3.0,3.0
T0911,2026-03-16,C031,P011,2,4.0,8.0
T0912,2026-01-17,C032,P012,3,5.0,15.0
T0913,2026-02-18,C033,P013,4,6.0,24.0
T0914,2026-03-19,C034,P014,5,7.0,35.0
T0915,2026-01-20,C035,P015,1,8.0,8.0
T0916,2026-02-21,C036,P016,2,9.0,18.0
T0917,2026-03-22,C037,P017,3,10.0,30.0
T0918,2026-01-23,C038,P018,4,2.0,8.0
T0919,2026-02-24,C039,P019,5,3.0,15.0
T0920,2026-03-25,C000,P000,1,4.0,4.0
T0921,2026-01-26,C001,P001,2,5.0,10.0
T0922,2026-02-27,C002,P002,3,6.0,18.0
T0923,2026-03-28,C003,P003,4,7.0,28.0
T0924,2026-01-01,C004,P004,5,8.0,40.0
T0925,2026-02-02,C005,P005,1,9.0,9.0
T0926,2026-03-03,C006,P006,2,10.0,20.0
T0927,2026-01-04,C007,P007,3,2.0,6.0
T0928,2026-02-05,C008,P008,4,3.0,12.0
T0929,2026-03-06,C009,P009,5,4.0,20.0
T0930,2026-01-07,C010,P010,1,5.0,5.0
T0931,2026-02-08,C011,P011,2,6.0,12.0
T0932,2026-03-09,C012,P012,3,7.0,21.0
T0933,2026-01-10,C013,P013,4,8.0,32.0
T0934,2026-02-11,C014,P014,5,9.0,45.0
T0935,2026-03-12,C015,P015,1,10.0,10.0
T0936,2026-01-13,C016,P016,2,2.0,4.0
T0937,2026-02-14,C017,P017,3,3.0,9.0
T0938,2026-03-15,C018,P018,4,4.0,16.0
T0939,2026-01-16,C019,P019,5,5.0,25.0
T0940,2026-02-17,C020,P000,1,6.0,6.0
T0941,2026-03-18,C021,P001,2,7.0,14.0
T0942,2026-01-19,C022,P002,3,8.0,24.0
T0943,2026-02-20,C023,P003,4,9.0,36.0
T0944,2026-03-21,C024,P004,5,10.0,50.0
T0945,2026-01-22,C025,P005,1,2.0,2.0
T0946,2026-02-23,C026,P006,2,3.0,6.0
T0947,2026-03-24,C027,P007,3,4.0,12.0
T0948,2026-01-25,C028,P008,4,5.0,20.0
T0949,2026-02-26,C029,P009,5,6.0,30.0
T0950,2026-03-27,C030,P010,1,7.0,7.0
T0951,2026-01-28,C031,P011,2,8.0,16.0
T0952,2026-02-01,C032,P012,3,9.0,27.0
T0953,2026-03-02,C033,P013,4,10.0,40.0
T0954,2026-01-03,C034,P014,5,2.0,10.0
T0955,2026-02-04,C035,P015,1,3.0,3.0
T0956,2026-03-05,C036,P016,2,4.0,8.0
T0957,2026-01-06,C037,P017,3,5.0,15.0
T0958,2026-02-07,C038,P018,4,6.0,24.0
T0959,2026-03-08,C039,P019,5,7.0,35.0
T0960,2026-01-09,C000,P000,1,8.0,8.0
T0961,2026-02-10,C001,P001,2,9.0,18.0
T0962,2026-03-11,C002,P002,3,10.0,30.0
T0963,2026-01-12,C003,P003,4,2.0,8.0
T0964,2026-02-13,C004,P004,5,3.0,15.0
T0965,2026-03-14,C005,P005,1,4.0,4.0
T0966,2026-01-15,C006,P006,2,5.0,10.0
T0967,2026-02-16,C007,P007,3,6.0,18.0
T0968,2026-03-17,C008,P008,4,7.0,28.0
T0969,2026-01-18,C009,P009,5,8.0,40.0
T0970,2026-02-19,C010,P010,1,9.0,9.0
T0971,2026-03-20,C011,P011,2,10.0,20.0
T0972,2026-01-21,C012,P012,3,2.0,6.0
T0973,2026-02-22,C013,P013,4,3.0,12.0
T0974,2026-03-23,C014,P014,5,4.0,20.0
T0975,2026-01-24,C015,P015,1,5.0,5.0
T0976,2026-02-25,C016,P016,2,6.0,12.0
T0977,2026-03-26,C017,P017,3,7.0,21.0
T0978,2026-01-27,C018,P018,4,8.0,32.0
T0979,2026-02-28,C019,P019,5,9.0,45.0
T0980,2026-03-01,C020,P000,1,10.0,10.0
T0981,2026-01-02,C021,P001,2,2.0,4.0
T0982,2026-02-03,C022,P002,3,3.0,9.0
T0983,2026-03-04,C023,P003,4,4.0,16.0
T0984,2026-01-05,C024,P004,5,5.0,25.0
T0985,2026-02-06,C025,P005,1,6.0,6.0
T0986,2026-03-07,C026,P006,2,7.0,14.0
T0987,2026-01-08,C027,P007,3,8.0,24.0
T0988,2026-02-09,C028,P008,4,9.0,36.0
T0989,2026-03-10,C029,P009,5,10.0,50.0
T0990,2026-01-11,C030,P010,1,2.0,2.0
T0991,2026-02-12,C031,P011,2,3.0,6.0
T0992,2026-03-13,C032,P012,3,4.0,12.0
T0993,2026-01-14,C033,P013,4,5.0,20.0
T0994,2026-02-15,C034,P014,5,6.0,30.0
T0995,2026-03-16,C035,P015,1,7.0,7.0
T0996,2026-01-17,C036,P016,2,8.0,16.0
T0997,2026-02-18,C037,P017,3,9.0,27.0
T0998,2026-03-19,C038,P018,4,10.0,40.0
T0999,2026-01-20,C039,P019,5,2.0,10.0
T1000,2026-02-21,C000,P000,1,3.0,3.0
T1001,2026-03-22,C001,P001,2,4.0,8.0
T1002,2026-01-23,C002,P002,3,5.0,15.0
T1003,2026-02-24,C003,P003,4,6.0,24.0
T1004,2026-03-25,C004,P004,5,7.0,35.0
T1005,2026-01-26,C005,P005,1,8.0,8.0
T1006,2026-02-27,C006,P006,2,9.0,18.0
T1007,2026-03-28,C007,P007,3,10.0,30.0
T1008,2026-01-01,C008,P008,4,2.0,8.0
T1009,2026-02-02,C009,P009,5,3.0,15.0
T1010,2026-03-03,C010,P010,1,4.0,4.0
T1011,2026-01-04,C011,P011,2,5.0,10.0
T1012,2026-02-05,C012,P012,3,6.0,18.0
T1013,2026-03-06,C013,P013,4,7.0,28.0
T1014,2026-01-07,C014,P014,5,8.0,40.0
T1015,2026-02-08,C015,P015,1,9.0,9.0
T1016,2026-03-09,C016,P016,2,10.0,20.0
T1017,2026-01-10,C017,P017,3,2.0,6.0
T1018,2026-02-11,C018,P018,4,3.0,12.0
T1019,2026-03-12,C019,P019,5,4.0,20.0
T1020,2026-01-13,C020,P000,1,5.0,5.0
T1021,2026-02-14,C021,P001,2,6.0,12.0
T1022,2026-03-15,C022,P002,3,7.0,21.0
T1023,2026-01-16,C023,P003,4,8.0,32.0
T1024,2026-02-17,C024,P004,5,9.0,45.0
T1025,2026-03-18,C025,P005,1,10.0,10.0
T1026,2026-01-19,C026,P006,2,2.0,4.0
T1027,2026-02-20,C027,P007,3,3.0,9.0
T1028,2026-03-21,C028,P008,4,4.0,16.0
T1029,2026-01-22,C029,P009,5,5.0,25.0
T1030,2026-02-23,C030,P010,1,6.0,6.0
T1031,2026-03-24,C031,P011,2,7.0,14.0
T1032,2026-01-25,C032,P012,3,8.0,24.0
T1033,2026-02-26,C033,P013,4,9.0,36.0
T1034,2026-03-27,C034,P014,5,10.0,50.0
T1035,2026-01-28,C035,P015,1,2.0,2.0
T1036,2026-02-01,C036,P016,2,3.0,6.0
T1037,2026-03-02,C037,P017,3,4.0,12.0
T1038,2026-01-03,C038,P018,4,5.0,20.0
T1039,2026-02-04,C039,P019,5,6.0,30.0
T1040,2026-03-05,C000,P000,1,7.0,7.0
T1041,2026-01-06,C001,P001,2,8.0,16.0
T1042,2026-02-07,C002,P002,3,9.0,27.0
T1043,2026-03-08,C003,P003,4,10.0,40.0
T1044,2026-01-09,C004,P004,5,2.0,10.0
T1045,2026-02-10,C005,P005,1,3.0,3.0
T1046,2026-03-11,C006,P006,2,4.0,8.0
T1047,2026-01-12,C007,P007,3,5.0,15.0
T1048,2026-02-13,C008,P008,4,6.0,24.0
T1049,2026-03-14,C009,P009,5,7.0,35.0
T1050,2026-01-15,C010,P010,1,8.0,8.0
T1051,2026-02-16,C011,P011,2,9.0,18.0
T1052,2026-03-17,C012,P012,3,10.0,30.0
T1053,2026-01-18,C013,P013,4,2.0,8.0
T1054,2026-02-19,C014,P014,5,3.0,15.0
T1055,2026-03-20,C015,P015,1,4.0,4.0
T1056,2026-01-21,C016,P016,2,5.0,10.0
T1057,2026-02-22,C017,P017,3,6.0,18.0
T1058,2026-03-23,C018,P018,4,7.0,28.0
T1059,2026-01-24,C019,P019,5,8.0,40.0
T1060,2026-02-25,C020,P000,1,9.0,9.0
T1061,2026-03-26,C021,P001,2,10.0,20.0
T1062,2026-01-27,C022,P002,3,2.0,6.0
T1063,2026-02-28,C023,P003,4,3.0,12.0
T1064,2026-03-01,C024,P004,5,4.0,20.0
T1065,2026-01-02,C025,P005,1,5.0,5.0
T1066,2026-02-03,C026,P006,2,6.0,12.0
T1067,2026-03-04,C027,P007,3,7.0,21.0
T1068,2026-01-05,C028,P008,4,8.0,32.0
T1069,2026-02-06,C029,P009,5,9.0,45.0
T1070,2026-03-07,C030,P010,1,10.0,10.0
T1071,2026-01-08,C031,P011,2,2.0,4.0
T1072,2026-02-09,C032,P012,3,3.0,9.0
T1073,2026-03-10,C033,P013,4,4.0,16.0
T1074,2026-01-11,C034,P014,5,5.0,25.0
T1075,2026-02-12,C035,P015,1,6.0,6.0
T1076,2026-03-13,C036,P016,2,7.0,14.0
T1077,2026-01-14,C037,P017,3,8.0,24.0
T1078,2026-02-15,C038,P018,4,9.0,36.0
T1079,2026-03-16,C039,P019,5,10.0,50.0
T1080,2026-01-17,C000,P000,1,2.0,2.0
T1081,2026-02-18,C001,P001,2,3.0,6.0
T1082,2026-03-19,C002,P002,3,4.0,12.0
T1083,2026-01-20,C003,P003,4,5.0,20.0
T1084,2026-02-21,C004,P004,5,6.0,30.0
T1085,2026-03-22,C005,P005,1,7.0,7.0
T1086,2026-01-23,C006,P006,2,8.0,16.0
T1087,2026-02-24,C007,P007,3,9.0,27.0
T1088,2026-03-25,C008,P008,4,10.0,40.0
T1089,2026-01-26,C009,P009,5,2.0,10.0
T1090,2026-02-27,C010,P010,1,3.0,3.0
T1091,2026-03-28,C011,P011,2,4.0,8.0
T1092,2026-01-01,C012,P012,3,5.0,15.0
T1093,2026-02-02,C013,P013,4,6.0,24.0
T1094,2026-03-03,C014,P014,5,7.0,35.0
T1095,2026-01-04,C015,P015,1,8.0,8.0
T1096,2026-02-05,C016,P016,2,9.0,18.0
T1097,2026-03-06,C017,P017,3,10.0,30.0
T1098,2026-01-07,C018,P018,4,2.0,8.0
T1099,2026-02-08,C019,P019,5,3.0,15.0
T1100,2026-03-09,C020,P000,1,4.0,4.0
T1101,2026-01-10,C021,P001,2,5.0,10.0
T1102,2026-02-11,C022,P002,3,6.0,18.0
T1103,2026-03-12,C023,P003,4,7.0,28.0
T1104,2026-01-13,C024,P004,5,8.0,40.0
T1105,2026-02-14,C025,P005,1,9.0,9.0
T1106,2026-03-15,C026,P006,2,10.0,20.0
T1107,2026-01-16,C027,P007,3,2.0,6.0
T1108,2026-02-17,C028,P008,4,3.0,12.0
T1109,2026-03-18,C029,P009,5,4.0,20.0
T1110,2026-01-19,C030,P010,1,5.0,5.0
T1111,2026-02-20,C031,P011,2,6.0,12.0
T1112,2026-03-21,C032,P012,3,7.0,21.0
T1113,2026-01-22,C033,P013,4,8.0,32.0
T1114,2026-02-23,C034,P014,5,9.0,45.0
T1115,2026-03-24,C035,P015,1,10.0,10.0
T1116,2026-01-25,C036,P016,2,2.0,4.0
T1117,2026-02-26,C037,P017,3,3.0,9.0
T1118,2026-03-27,C038,P018,4,4.0,16.0
T1119,2026-01-28,C039,P019,5,5.0,25.0
T1120,2026-02-01,C000,P000,1,6.0,6.0
T1121,2026-03-02,C001,P001,2,7.0,14.0
T1122,2026-01-03,C002,P002,3,8.0,24.0
T1123,2026-02-04,C003,P003,4,9.0,36.0
T1124,2026-03-05,C004,P004,5,10.0,50.0
T1125,2026-01-06,C005,P005,1,2.0,2.0
T1126,2026-02-07,C006,P006,2,3.0,6.0
T1127,2026-03-08,C007,P007,3,4.0,12.0
T1128,2026-01-09,C008,P008,4,5.0,20.0
T1129,2026-02-10,C009,P009,5,6.0,30.0
T1130,2026-03-11,C010,P010,1,7.0,7.0
T1131,2026-01-12,C011,P011,2,8.0,16.0
T1132,2026-02-13,C012,P012,3,9.0,27.0
T1133,2026-03-14,C013,P013,4,10.0,40.0
T1134,2026-01-15,C014,P014,5,2.0,10.0
T1135,2026-02-16,C015,P015,1,3.0,3.0
T1136,2026-03-17,C016,P016,2,4.0,8.0
T1137,2026-01-18,C017,P017,3,5.0,15.0
T1138,2026-02-19,C018,P018,4,6.0,24.0
T1139,2026-03-20,C019,P019,5,7.0,35.0
T1140,2026-01-21,C020,P000,1,8.0,8.0
T1141,2026-02-22,C021,P001,2,9.0,18.0
T1142,2026-03-23,C022,P002,3,10.0,30.0
T1143,2026-01-24,C023,P003,4,2.0,8.0
T1144,2026-02-25,C024,P004,5,3.0,15.0
T1145,2026-03-26,C025,P005,1,4.0,4.0
T1146,2026-01-27,C026,P006,2,5.0,10.0
T1147,2026-02-28,C027,P007,3,6.0,18.0
T1148,2026-03-01,C028,P008,4,7.0,28.0
T1149,2026-01-02,C029,P009,5,8.0,40.0
T1150,2026-02-03,C030,P010,1,9.0,9.0
T1151,2026-03-04,C031,P011,2,10.0,20.0
T1152,2026-01-05,C032,P012,3,2.0,6.0
T1153,2026-02-06,C033,P013,4,3.0,12.0
T1154,2026-03-07,C034,P014,5,4.0,20.0
T1155,2026-01-08,C035,P015,1,5.0,5.0
T1156,2026-02-09,C036,P016,2,6.0,12.0
T1157,2026-03-10,C037,P017,3,7.0,21.0
T1158,2026-01-11,C038,P018,4,8.0,32.0
T1159,2026-02-12,C039,P019,5,9.0,45.0
T1160,2026-03-13,C000,P000,1,10.0,10.0
T1161,2026-01-14,C001,P001,2,2.0,4.0
T1162,2026-02-15,C002,P002,3,3.0,9.0
T1163,2026-03-16,C003,P003,4,4.0,16.0
T1164,2026-01-17,C004,P004,5,5.0,25.0
T1165,2026-02-18,C005,P005,1,6.0,6.0
T1166,2026-03-19,C006,P006,2,7.0,14.0
T1167,2026-01-20,C007,P007,3,8.0,24.0
T1168,2026-02-21,C008,P008,4,9.0,36.0
T1169,2026-03-22,C009,P009,5,10.0,50.0
T1170,2026-01-23,C010,P010,1,2.0,2.0
T1171,2026-02-24,C011,P011,2,3.0,6.0
T1172,2026-03-25,C012,P012,3,4.0,12.0
T1173,2026-01-26,C013,P013,4,5.0,20.0
T1174,2026-02-27,C014,P014,5,6.0,30.0
T1175,2026-03-28,C015,P015,1,7.0,7.0
T1176,2026-01-01,C016,P016,2,8.0,16.0
T1177,2026-02-02,C017,P017,3,9.0,27.0
T1178,2026-03-03,C018,P018,4,10.0,40.0
T1179,2026-01-04,C019,P019,5,2.0,10.0
T1180,2026-02-05,C020,P000,1,3.0,3.0
T1181,2026-03-06,C021,P001,2,4.0,8.0
T1182,2026-01-07,C022,P002,3,5.0,15.0
T1183,2026-02-08,C023,P003,4,6.0,24.0
T1184,2026-03-09,C024,P004,5,7.0,35.0
T1185,2026-01-10,C025,P005,1,8.0,8.0
T1186,2026-02-11,C026,P006,2,9.0,18.0
T1187,2026-03-12,C027,P007,3,10.0,30.0
T1188,2026-01-13,C028,P008,4,2.0,8.0
T1189,2026-02-14,C029,P009,5,3.0,15.0
T1190,2026-03-15,C030,P010,1,4.0,4.0
T1191,2026-01-16,C031,P011,2,5.0,10.0
T1192,2026-02-17,C032,P012,3,6.0,18.0
T1193,2026-03-18,C033,P013,4,7.0,28.0
T1194,2026-01-19,C034,P014,5,8.0,40.0
T1195,2026-02-20,C035,P015,1,9.0,9.0
T1196,2026-03-21,C036,P016,2,10.0,20.0
T1197,2026-01-22,C037,P017,3,2.0,6.0
T1198,2026-02-23,C038,P018,4,3.0,12.0
T1199,2026-03-24,C039,P019,5,4.0,20.0
T1200,2026-01-25,C000,P000,1,5.0,5.0
T1201,2026-02-26,C001,P001,2,6.0,12.0
T1202,2026-03-27,C002,P002,3,7.0,21.0
T1203,2026-01-28,C003,P003,4,8.0,32.0
T1204,2026-02-01,C004,P004,5,9.0,45.0
T1205,2026-03-02,C005,P005,1,10.0,10.0
T1206,2026-01-03,C006,P006,2,2.0,4.0
T1207,2026-02-04,C007,P007,3,3.0,9.0
T1208,2026-03-05,C008,P008,4,4.0,16.0
T1209,2026-01-06,C009,P009,5,5.0,25.0
T1210,2026-02-07,C010,P010,1,6.0,6.0
T1211,2026-03-08,C011,P011,2,7.0,14.0
T1212,2026-01-09,C012,P012,3,8.0,24.0
T1213,2026-02-10,C013,P013,4,9.0,36.0
T1214,2026-03-11,C014,P014,5,10.0,50.0
T1215,2026-01-12,C015,P015,1,2.0,2.0
T1216,2026-02-13,C016,P016,2,3.0,6.0
T1217,2026-03-14,C017,P017,3,4.0,12.0
T1218,2026-01-15,C018,P018,4,5.0,20.0
T1219,2026-02-16,C019,P019,5,6.0,30.0
T1220,2026-03-17,C020,P000,1,7.0,7.0
T1221,2026-01-18,C021,P001,2,8.0,16.0
T1222,2026-02-19,C022,P002,3,9.0,27.0
T1223,2026-03-20,C023,P003,4,10.0,40.0
T1224,2026-01-21,C024,P004,5,2.0,10.0
T1225,2026-02-22,C025,P005,1,3.0,3.0
T1226,2026-03-23,C026,P006,2,4.0,8.0
T1227,2026-01-24,C027,P007,3,5.0,15.0
T1228,2026-02-25,C028,P008,4,6.0,24.0
T1229,2026-03-26,C029,P009,5,7.0,35.0
T1230,2026-01-27,C030,P010,1,8.0,8.0
T1231,2026-02-28,C031,P011,2,9.0,18.0
T1232,2026-03-01,C032,P012,3,10.0,30.0
T1233,2026-01-02,C033,P013,4,2.0,8.0
T1234,2026-02-03,C034,P014,5,3.0,15.0
T1235,2026-03-04,C035,P015,1,4.0,4.0
T1236,2026-01-05,C036,P016,2,5.0,10.0
T1237,2026-02-06,C037,P017,3,6.0,18.0
T1238,2026-03-07,C038,P018,4,7.0,28.0
T1239,2026-01-08,C039,P019,5,8.0,40.0
T1240,2026-02-09,C000,P000,1,9.0,9.0
T1241,2026-03-10,C001,P001,2,10.0,20.0
T1242,2026-01-11,C002,P002,3,2.0,6.0
T1243,2026-02-12,C003,P003,4,3.0,12.0
T1244,2026-03-13,C004,P004,5,4.0,20.0
T1245,2026-01-14,C005,P005,1,5.0,5.0
T1246,2026-02-15,C006,P006,2,6.0,12.0
T1247,2026-03-16,C007,P007,3,7.0,21.0
T1248,2026-01-17,C008,P008,4,8.0,32.0
T1249,2026-02-18,C009,P009,5,9.0,45.0
T1250,2026-03-19,C010,P010,1,10.0,10.0
T1251,2026-01-20,C011,P011,2,2.0,4.0
T1252,2026-02-21,C012,P012,3,3.0,9.0
T1253,2026-03-22,C013,P013,4,4.0,16.0
T1254,2026-01-23,C014,P014,5,5.0,25.0
T1255,2026-02-24,C015,P015,1,6.0,6.0
T1256,2026-03-25,C016,P016,2,7.0,14.0
T1257,2026-01-26,C017,P017,3,8.0,24.0
T1258,2026-02-27,C018,P018,4,9.0,36.0
T1259,2026-03-28,C019,P019,5,10.0,50.0
T1260,2026-01-01,C020,P000,1,2.0,2.0
T1261,2026-02-02,C021,P001,2,3.0,6.0
T1262,2026-03-03,C022,P002,3,4.0,12.0
T1263,2026-01-04,C023,P003,4,5.0,20.0
T1264,2026-02-05,C024,P004,5,6.0,30.0
T1265,2026-03-06,C025,P005,1,7.0,7.0
T1266,2026-01-07,C026,P006,2,8.0,16.0
T1267,2026-02-08,C027,P007,3,9.0,27.0
T1268,2026-03-09,C028,P008,4,10.0,40.0
T1269,2026-01-10,C029,P009,5,2.0,10.0
T1270,2026-02-11,C030,P010,1,3.0,3.0
T1271,2026-03-12,C031,P011,2,4.0,8.0
T1272,2026-01-13,C032,P012,3,5.0,15.0
T1273,2026-02-14,C033,P013,4,6.0,24.0
T1274,2026-03-15,C034,P014,5,7.0,35.0
T1275,2026-01-16,C035,P015,1,8.0,8.0
T1276,2026-02-17,C036,P016,2,9.0,18.0
T1277,2026-03-18,C037,P017,3,10.0,30.0
T1278,2026-01-19,C038,P018,4,2.0,8.0
T1279,2026-02-20,C039,P019,5,3.0,15.0
T1280,2026-03-21,C000,P000,1,4.0,4.0
T1281,2026-01-22,C001,P001,2,5.0,10.0
T1282,2026-02-23,C002,P002,3,6.0,18.0
T1283,2026-03-24,C003,P003,4,7.0,28.0
T1284,2026-01-25,C004,P004,5,8.0,40.0
T1285,2026-02-26,C005,P005,1,9.0,9.0
T1286,2026-03-27,C006,P006,2,10.0,20.0
T1287,2026-01-28,C007,P007,3,2.0,6.0
T1288,2026-02-01,C008,P008,4,3.0,12.0
T1289,2026-03-02,C009,P009,5,4.0,20.0
T1290,2026-01-03,C010,P010,1,5.0,5.0
T1291,2026-02-04,C011,P011,2,6.0,12.0
T1292,2026-03-05,C012,P012,3,7.0,21.0
T1293,2026-01-06,C013,P013,4,8.0,32.0
T1294,2026-02-07,C014,P014,5,9.0,45.0
T1295,2026-03-08,C015,P015,1,10.0,10.0
T1296,2026-01-09,C016,P016,2,2.0,4.0
T1297,2026-02-10,C017,P017,3,3.0,9.0
T1298,2026-03-11,C018,P018,4,4.0,16.0
T1299,2026-01-12,C019,P019,5,5.0,25.0
T1300,2026-02-13,C020,P000,1,6.0,6.0
T1301,2026-03-14,C021,P001,2,7.0,14.0
T1302,2026-01-15,C022,P002,3,8.0,24.0
T1303,2026-02-16,C023,P003,4,9.0,36.0
T1304,2026-03-17,C024,P004,5,10.0,50.0
T1305,2026-01-18,C025,P005,1,2.0,2.0
T1306,2026-02-19,C026,P006,2,3.0,6.0
T1307,2026-03-20,C027,P007,3,4.0,12.0
T1308,2026-01-21,C028,P008,4,5.0,20.0
T1309,2026-02-22,C029,P009,5,6.0,30.0
T1310,2026-03-23,C030,P010,1,7.0,7.0
T1311,2026-01-24,C031,P011,2,8.0,16.0
T1312,2026-02-25,C032,P012,3,9.0,27.0
T1313,2026-03-26,C033,P013,4,10.0,40.0
T1314,2026-01-27,C034,P014,5,2.0,10.0
T1315,2026-02-28,C035,P015,1,3.0,3.0
T1316,2026-03-01,C036,P016,2,4.0,8.0
T1317,2026-01-02,C037,P017,3,5.0,15.0
T1318,2026-02-03,C038,P018,4,6.0,24.0
T1319,2026-03-04,C039,P019,5,7.0,35.0
T1320,2026-01-05,C000,P000,1,8.0,8.0
T1321,2026-02-06,C001,P001,2,9.0,18.0
T1322,2026-03-07,C002,P002,3,10.0,30.0
T1323,2026-01-08,C003,P003,4,2.0,8.0
T1324,2026-02-09,C004,P004,5,3.0,15.0
T1325,2026-03-10,C005,P005,1,4.0,4.0
T1326,2026-01-11,C006,P006,2,5.0,10.0
T1327,2026-02-12,C007,P007,3,6.0,18.0
T1328,2026-03-13,C008,P008,4,7.0,28.0
T1329,2026-01-14,C009,P009,5,8.0,40.0
T1330,2026-02-15,C010,P010,1,9.0,9.0
T1331,2026-03-16,C011,P011,2,10.0,20.0
T1332,2026-01-17,C012,P012,3,2.0,6.0
T1333,2026-02-18,C013,P013,4,3.0,12.0
T1334,2026-03-19,C014,P014,5,4.0,20.0
T1335,2026-01-20,C015,P015,1,5.0,5.0
T1336,2026-02-21,C016,P016,2,6.0,12.0
T1337,2026-03-22,C017,P017,3,7.0,21.0
T1338,2026-01-23,C018,P018,4,8.0,32.0
T1339,2026-02-24,C019,P019,5,9.0,45.0
T1340,2026-03-25,C020,P000,1,10.0,10.0
T1341,2026-01-26,C021,P001,2,2.0,4.0
T1342,2026-02-27,C022,P002,3,3.0,9.0
T1343,2026-03-28,C023,P003,4,4.0,16.0
T1344,2026-01-01,C024,P004,5,5.0,25.0
T1345,2026-02-02,C025,P005,1,6.0,6.0
T1346,2026-03-03,C026,P006,2,7.0,14.0
T1347,2026-01-04,C027,P007,3,8.0,24.0
T1348,2026-02-05,C028,P008,4,9.0,36.0
T1349,2026-03-06,C029,P009,5,10.0,50.0
T1350,2026-01-07,C030,P010,1,2.0,2.0
T1351,2026-02-08,C031,P011,2,3.0,6.0
T1352,2026-03-09,C032,P012,3,4.0,12.0
T1353,2026-01-10,C033,P013,4,5.0,20.0
T1354,2026-02-11,C034,P014,5,6.0,30.0
T1355,2026-03-12,C035,P015,1,7.0,7.0
T1356,2026-01-13,C036,P016,2,8.0,16.0
T1357,2026-02-14,C037,P017,3,9.0,27.0
T1358,2026-03-15,C038,P018,4,10.0,40.0
T1359,2026-01-16,C039,P019,5,2.0,10.0
T1360,2026-02-17,C000,P000,1,3.0,3.0
T1361,2026-03-18,C001,P001,2,4.0,8.0
T1362,2026-01-19,C002,P002,3,5.0,15.0
T1363,2026-02-20,C003,P003,4,6.0,24.0
T1364,2026-03-21,C004,P004,5,7.0,35.0
T1365,2026-01-22,C005,P005,1,8.0,8.0
T1366,2026-02-23,C006,P006,2,9.0,18.0
T1367,2026-03-24,C007,P007,3,10.0,30.0
T1368,2026-01-25,C008,P008,4,2.0,8.0
T1369,2026-02-26,C009,P009,5,3.0,15.0
T1370,2026-03-27,C010,P010,1,4.0,4.0
T1371,2026-01-28,C011,P011,2,5.0,10.0
T1372,2026-02-01,C012,P012,3,6.0,18.0
T1373,2026-03-02,C013,P013,4,7.0,28.0
T1374,2026-01-03,C014,P014,5,8.0,40.0
T1375,2026-02-04,C015,P015,1,9.0,9.0
T1376,2026-03-05,C016,P016,2,10.0,20.0
T1377,2026-01-06,C017,P017,3,2.0,6.0
T1378,2026-02-07,C018,P018,4,3.0,12.0
T1379,2026-03-08,C019,P019,5,4.0,20.0
T1380,2026-01-09,C020,P000,1,5.0,5.0
T1381,2026-02-10,C021,P001,2,6.0,12.0
T1382,2026-03-11,C022,P002,3,7.0,21.0
T1383,2026-01-12,C023,P003,4,8.0,32.0
T1384,2026-02-13,C024,P004,5,9.0,45.0
T1385,2026-03-14,C025,P005,1,10.0,10.0
T1386,2026-01-15,C026,P006,2,2.0,4.0
T1387,2026-02-16,C027,P007,3,3.0,9.0
T1388,2026-03-17,C028,P008,4,4.0,16.0
T1389,2026-01-18,C029,P009,5,5.0,25.0
T1390,2026-02-19,C030,P010,1,6.0,6.0
T1391,2026-03-20,C031,P011,2,7.0,14.0
T1392,2026-01-21,C032,P012,3,8.0,24.0
T1393,2026-02-22,C033,P013,4,9.0,36.0
T1394,2026-03-23,C034,P014,5,10.0,50.0
T1395,2026-01-24,C035,P015,1,2.0,2.0
T1396,2026-02-25,C036,P016,2,3.0,6.0
T1397,2026-03-26,C037,P017,3,4.0,12.0
T1398,2026-01-27,C038,P018,4,5.0,20.0
T1399,2026-02-28,C039,P019,5,6.0,30.0
T1400,2026-03-01,C000,P000,1,7.0,7.0
T1401,2026-01-02,C001,P001,2,8.0,16.0
T1402,2026-02-03,C002,P002,3,9.0,27.0
T1403,2026-03-04,C003,P003,4,10.0,40.0
T1404,2026-01-05,C004,P004,5,2.0,10.0
T1405,2026-02-06,C005,P005,1,3.0,3.0
T1406,2026-03-07,C006,P006,2,4.0,8.0
T1407,2026-01-08,C007,P007,3,5.0,15.0
T1408,2026-02-09,C008,P008,4,6.0,24.0
T1409,2026-03-10,C009,P009,5,7.0,35.0
T1410,2026-01-11,C010,P010,1,8.0,8.0
T1411,2026-02-12,C011,P011,2,9.0,18.0
T1412,2026-03-13,C012,P012,3,10.0,30.0
T1413,2026-01-14,C013,P013,4,2.0,8.0
T1414,2026-02-15,C014,P014,5,3.0,15.0
T1415,2026-03-16,C015,P015,1,4.0,4.0
T1416,2026-01-17,C016,P016,2,5.0,10.0
T1417,2026-02-18,C017,P017,3,6.0,18.0
T1418,2026-03-19,C018,P018,4,7.0,28.0
T1419,2026-01-20,C019,P019,5,8.0,40.0
T1420,2026-02-21,C020,P000,1,9.0,9.0
T1421,2026-03-22,C021,P001,2,10.0,20.0
T1422,2026-01-23,C022,P002,3,2.0,6.0
T1423,2026-02-24,C023,P003,4,3.0,12.0
T1424,2026-03-25,C024,P004,5,4.0,20.0
T1425,2026-01-26,C025,P005,1,5.0,5.0
T1426,2026-02-27,C026,P006,2,6.0,12.0
T1427,2026-03-28,C027,P007,3,7.0,21.0
T1428,2026-01-01,C028,P008,4,8.0,32.0
T1429,2026-02-02,C029,P009,5,9.0,45.0
T1430,2026-03-03,C030,P010,1,10.0,10.0
T1431,2026-01-04,C031,P011,2,2.0,4.0
T1432,2026-02-05,C032,P012,3,3.0,9.0
T1433,2026-03-06,C033,P013,4,4.0,16.0
T1434,2026-01-07,C034,P014,5,5.0,25.0
T1435,2026-02-08,C035,P015,1,6.0,6.0
T1436,2026-03-09,C036,P016,2,7.0,14.0
T1437,2026-01-10,C037,P017,3,8.0,24.0
T1438,2026-02-11,C038,P018,4,9.0,36.0
T1439,2026-03-12,C039,P019,5,10.0,50.0
T1440,2026-01-13,C000,P000,1,2.0,2.0
T1441,2026-02-14,C001,P001,2,3.0,6.0
T1442,2026-03-15,C002,P002,3,4.0,12.0
T1443,2026-01-16,C003,P003,4,5.0,20.0
T1444,2026-02-17,C004,P004,5,6.0,30.0
T1445,2026-03-18,C005,P005,1,7.0,7.0
T1446,2026-01-19,C006,P006,2,8.0,16.0
T1447,2026-02-20,C007,P007,3,9.0,27.0
T1448,2026-03-21,C008,P008,4,10.0,40.0
T1449,2026-01-22,C009,P009,5,2.0,10.0
T1450,2026-02-23,C010,P010,1,3.0,3.0
T1451,2026-03-24,C011,P011,2,4.0,8.0
T1452,2026-01-25,C012,P012,3,5.0,15.0
T1453,2026-02-26,C013,P013,4,6.0,24.0
T1454,2026-03-27,C014,P014,5,7.0,35.0
T1455,2026-01-28,C015,P015,1,8.0,8.0
T1456,2026-02-01,C016,P016,2,9.0,18.0
T1457,2026-03-02,C017,P017,3,10.0,30.0
T1458,2026-01-03,C018,P018,4,2.0,8.0
T1459,2026-02-04,C019,P019,5,3.0,15.0
T1460,2026-03-05,C020,P000,1,4.0,4.0
T1461,2026-01-06,C021,P001,2,5.0,10.0
T1462,2026-02-07,C022,P002,3,6.0,18.0
T1463,2026-03-08,C023,P003,4,7.0,28.0
T1464,2026-01-09,C024,P004,5,8.0,40.0
T1465,2026-02-10,C025,P005,1,9.0,9.0
T1466,2026-03-11,C026,P006,2,10.0,20.0
T1467,2026-01-12,C027,P007,3,2.0,6.0
T1468,2026-02-13,C028,P008,4,3.0,12.0
T1469,2026-03-14,C029,P009,5,4.0,20.0
T1470,2026-01-15,C030,P010,1,5.0,5.0
T1471,2026-02-16,C031,P011,2,6.0,12.0
T1472,2026-03-17,C032,P012,3,7.0,21.0
T1473,2026-01-18,C033,P013,4,8.0,32.0
T1474,2026-02-19,C034,P014,5,9.0,45.0
T1475,2026-03-20,C035,P015,1,10.0,10.0
T1476,2026-01-21,C036,P016,2,2.0,4.0
T1477,2026-02-22,C037,P017,3,3.0,9.0
T1478,2026-03-23,C038,P018,4,4.0,16.0
T1479,2026-01-24,C039,P019,5,5.0,25.0
T1480,2026-02-25,C000,P000,1,6.0,6.0
T1481,2026-03-26,C001,P001,2,7.0,14.0
T1482,2026-01-27,C002,P002,3,8.0,24.0
T1483,2026-02-28,C003,P003,4,9.0,36.0
T1484,2026-03-01,C004,P004,5,10.0,50.0
T1485,2026-01-02,C005,P005,1,2.0,2.0
T1486,2026-02-03,C006,P006,2,3.0,6.0
T1487,2026-03-04,C007,P007,3,4.0,12.0
T1488,2026-01-05,C008,P008,4,5.0,20.0
T1489,2026-02-06,C009,P009,5,6.0,30.0
T1490,2026-03-07,C010,P010,1,7.0,7.0
T1491,2026-01-08,C011,P011,2,8.0,16.0
T1492,2026-02-09,C012,P012,3,9.0,27.0
T1493,2026-03-10,C013,P013,4,10.0,40.0
T1494,2026-01-11,C014,P014,5,2.0,10.0
T1495,2026-02-12,C015,P015,1,3.0,3.0
T1496,2026-03-13,C016,P016,2,4.0,8.0
T1497,2026-01-14,C017,P017,3,5.0,15.0
T1498,2026-02-15,C018,P018,4,6.0,24.0
T1499,2026-03-16,C019,P019,5,7.0,35.0
T1500,2026-01-17,C020,P000,1,8.0,8.0
T1501,2026-02-18,C021,P001,2,9.0,18.0
T1502,2026-03-19,C022,P002,3,10.0,30.0
T1503,2026-01-20,C023,P003,4,2.0,8.0
T1504,2026-02-21,C024,P004,5,3.0,15.0
T1505,2026-03-22,C025,P005,1,4.0,4.0
T1506,2026-01-23,C026,P006,2,5.0,10.0
T1507,2026-02-24,C027,P007,3,6.0,18.0
T1508,2026-03-25,C028,P008,4,7.0,28.0
T1509,2026-01-26,C029,P009,5,8.0,40.0
T1510,2026-02-27,C030,P010,1,9.0,9.0
T1511,2026-03-28,C031,P011,2,10.0,20.0
T1512,2026-01-01,C032,P012,3,2.0,6.0
T1513,2026-02-02,C033,P013,4,3.0,12.0
T1514,2026-03-03,C034,P014,5,4.0,20.0
T1515,2026-01-04,C035,P015,1,5.0,5.0
T1516,2026-02-05,C036,P016,2,6.0,12.0
T1517,2026-03-06,C037,P017,3,7.0,21.0
T1518,2026-01-07,C038,P018,4,8.0,32.0
T1519,2026-02-08,C039,P019,5,9.0,45.0
T1520,2026-03-09,C000,P000,1,10.0,10.0
T1521,2026-01-10,C001,P001,2,2.0,4.0
T1522,2026-02-11,C002,P002,3,3.0,9.0
T1523,2026-03-12,C003,P003,4,4.0,16.0
T1524,2026-01-13,C004,P004,5,5.0,25.0
T1525,2026-02-14,C005,P005,1,6.0,6.0
T1526,2026-03-15,C006,P006,2,7.0,14.0
T1527,2026-01-16,C007,P007,3,8.0,24.0
T1528,2026-02-17,C008,P008,4,9.0,36.0
T1529,2026-03-18,C009,P009,5,10.0,50.0
T1530,2026-01-19,C010,P010,1,2.0,2.0
T1531,2026-02-20,C011,P011,2,3.0,6.0
T1532,2026-03-21,C012,P012,3,4.0,12.0
T1533,2026-01-22,C013,P013,4,5.0,20.0
T1534,2026-02-23,C014,P014,5,6.0,30.0
T1535,2026-03-24,C015,P015,1,7.0,7.0
T1536,2026-01-25,C016,P016,2,8.0,16.0
T1537,2026-02-26,C017,P017,3,9.0,27.0
T1538,2026-03-27,C018,P018,4,10.0,40.0
T1539,2026-01-28,C019,P019,5,2.0,10.0
T1540,2026-02-01,C020,P000,1,3.0,3.0
T1541,2026-03-02,C021,P001,2,4.0,8.0
T1542,2026-01-03,C022,P002,3,5.0,15.0
T1543,2026-02-04,C023,P003,4,6.0,24.0
T1544,2026-03-05,C024,P004,5,7.0,35.0
T1545,2026-01-06,C025,P005,1,8.0,8.0
T1546,2026-02-07,C026,P006,2,9.0,18.0
T1547,2026-03-08,C027,P007,3,10.0,30.0
T1548,2026-01-09,C028,P008,4,2.0,8.0
T1549,2026-02-10,C029,P009,5,3.0,15.0
T1550,2026-03-11,C030,P010,1,4.0,4.0
T1551,2026-01-12,C031,P011,2,5.0,10.0
T1552,2026-02-13,C032,P012,3,6.0,18.0
T1553,2026-03-14,C033,P013,4,7.0,28.0
T1554,2026-01-15,C034,P014,5,8.0,40.0
T1555,2026-02-16,C035,P015,1,9.0,9.0
T1556,2026-03-17,C036,P016,2,10.0,20.0
T1557,2026-01-18,C037,P017,3,2.0,6.0
T1558,2026-02-19,C038,P018,4,3.0,12.0
T1559,2026-03-20,C039,P019,5,4.0,20.0
T1560,2026-01-21,C000,P000,1,5.0,5.0
T1561,2026-02-22,C001,P001,2,6.0,12.0
T1562,2026-03-23,C002,P002,3,7.0,21.0
T1563,2026-01-24,C003,P003,4,8.0,32.0
T1564,2026-02-25,C004,P004,5,9.0,45.0
T1565,2026-03-26,C005,P005,1,10.0,10.0
T1566,2026-01-27,C006,P006,2,2.0,4.0
T1567,2026-02-28,C007,P007,3,3.0,9.0
T1568,2026-03-01,C008,P008,4,4.0,16.0
T1569,2026-01-02,C009,P009,5,5.0,25.0
T1570,2026-02-03,C010,P010,1,6.0,6.0
T1571,2026-03-04,C011,P011,2,7.0,14.0
T1572,2026-01-05,C012,P012,3,8.0,24.0
T1573,2026-02-06,C013,P013,4,9.0,36.0
T1574,2026-03-07,C014,P014,5,10.0,50.0
T1575,2026-01-08,C015,P015,1,2.0,2.0
T1576,2026-02-09,C016,P016,2,3.0,6.0
T1577,2026-03-10,C017,P017,3,4.0,12.0
T1578,2026-01-11,C018,P018,4,5.0,20.0
T1579,2026-02-12,C019,P019,5,6.0,30.0
T1580,2026-03-13,C020,P000,1,7.0,7.0
T1581,2026-01-14,C021,P001,2,8.0,16.0
T1582,2026-02-15,C022,P002,3,9.0,27.0
T1583,2026-03-16,C023,P003,4,10.0,40.0
T1584,2026-01-17,C024,P004,5,2.0,10.0
T1585,2026-02-18,C025,P005,1,3.0,3.0
T1586,2026-03-19,C026,P006,2,4.0,8.0
T1587,2026-01-20,C027,P007,3,5.0,15.0
T1588,2026-02-21,C028,P008,4,6.0,24.0
T1589,2026-03-22,C029,P009,5,7.0,35.0
T1590,2026-01-23,C030,P010,1,8.0,8.0
T1591,2026-02-24,C031,P011,2,9.0,18.0
T1592,2026-03-25,C032,P012,3,10.0,30.0
T1593,2026-01-26,C033,P013,4,2.0,8.0
T1594,2026-02-27,C034,P014,5,3.0,15.0
T1595,2026-03-28,C035,P015,1,4.0,4.0
T1596,2026-01-01,C036,P016,2,5.0,10.0
T1597,2026-02-02,C037,P017,3,6.0,18.0
T1598,2026-03-03,C038,P018,4,7.0,28.0
T1599,2026-01-04,C039,P019,5,8.0,40.0
T1600,2026-02-05,C000,P000,1,9.0,9.0
T1601,2026-03-06,C001,P001,2,10.0,20.0
T1602,2026-01-07,C002,P002,3,2.0,6.0
T1603,2026-02-08,C003,P003,4,3.0,12.0
T1604,2026-03-09,C004,P004,5,4.0,20.0
T1605,2026-01-10,C005,P005,1,5.0,5.0
T1606,2026-02-11,C006,P006,2,6.0,12.0
T1607,2026-03-12,C007,P007,3,7.0,21.0
T1608,2026-01-13,C008,P008,4,8.0,32.0
T1609,2026-02-14,C009,P009,5,9.0,45.0
T1610,2026-03-15,C010,P010,1,10.0,10.0
T1611,2026-01-16,C011,P011,2,2.0,4.0
T1612,2026-02-17,C012,P012,3,3.0,9.0
T1613,2026-03-18,C013,P013,4,4.0,16.0
T1614,2026-01-19,C014,P014,5,5.0,25.0
T1615,2026-02-20,C015,P015,1,6.0,6.0
T1616,2026-03-21,C016,P016,2,7.0,14.0
T1617,2026-01-22,C017,P017,3,8.0,24.0
T1618,2026-02-23,C018,P018,4,9.0,36.0
T1619,2026-03-24,C019,P019,5,10.0,50.0
T1620,2026-01-25,C020,P000,1,2.0,2.0
T1621,2026-02-26,C021,P001,2,3.0,6.0
T1622,2026-03-27,C022,P002,3,4.0,12.0
T1623,2026-01-28,C023,P003,4,5.0,20.0
T1624,2026-02-01,C024,P004,5,6.0,30.0
T1625,2026-03-02,C025,P005,1,7.0,7.0
T1626,2026-01-03,C026,P006,2,8.0,16.0
T1627,2026-02-04,C027,P007,3,9.0,27.0
T1628,2026-03-05,C028,P008,4,10.0,40.0
T1629,2026-01-06,C029,P009,5,2.0,10.0
T1630,2026-02-07,C030,P010,1,3.0,3.0
T1631,2026-03-08,C031,P011,2,4.0,8.0
T1632,2026-01-09,C032,P012,3,5.0,15.0
T1633,2026-02-10,C033,P013,4,6.0,24.0
T1634,2026-03-11,C034,P014,5,7.0,35.0
T1635,2026-01-12,C035,P015,1,8.0,8.0
T1636,2026-02-13,C036,P016,2,9.0,18.0
T1637,2026-03-14,C037,P017,3,10.0,30.0
T1638,2026-01-15,C038,P018,4,2.0,8.0
T1639,2026-02-16,C039,P019,5,3.0,15.0
T1640,2026-03-17,C000,P000,1,4.0,4.0
T1641,2026-01-18,C001,P001,2,5.0,10.0
T1642,2026-02-19,C002,P002,3,6.0,18.0
T1643,2026-03-20,C003,P003,4,7.0,28.0
T1644,2026-01-21,C004,P004,5,8.0,40.0
T1645,2026-02-22,C005,P005,1,9.0,9.0
T1646,2026-03-23,C006,P006,2,10.0,20.0
T1647,2026-01-24,C007,P007,3,2.0,6.0
T1648,2026-02-25,C008,P008,4,3.0,12.0
T1649,2026-03-26,C009,P009,5,4.0,20.0
T1650,2026-01-27,C010,P010,1,5.0,5.0
T1651,2026-02-28,C011,P011,2,6.0,12.0
T1652,2026-03-01,C012,P012,3,7.0,21.0
T1653,2026-01-02,C013,P013,4,8.0,32.0
T1654,2026-02-03,C014,P014,5,9.0,45.0
T1655,2026-03-04,C015,P015,1,10.0,10.0
T1656,2026-01-05,C016,P016,2,2.0,4.0
T1657,2026-02-06,C017,P017,3,3.0,9.0
T1658,2026-03-07,C018,P018,4,4.0,16.0
T1659,2026-01-08,C019,P019,5,5.0,25.0
T1660,2026-02-09,C020,P000,1,6.0,6.0
T1661,2026-03-10,C021,P001,2,7.0,14.0
T1662,2026-01-11,C022,P002,3,8.0,24.0
T1663,2026-02-12,C023,P003,4,9.0,36.0
T1664,2026-03-13,C024,P004,5,10.0,50.0
T1665,2026-01-14,C025,P005,1,2.0,2.0
T1666,2026-02-15,C026,P006,2,3.0,6.0
T1667,2026-03-16,C027,P007,3,4.0,12.0
T1668,2026-01-17,C028,P008,4,5.0,20.0
T1669,2026-02-18,C029,P009,5,6.0,30.0
T1670,2026-03-19,C030,P010,1,7.0,7.0
T1671,2026-01-20,C031,P011,2,8.0,16.0
T1672,2026-02-21,C032,P012,3,9.0,27.0
T1673,2026-03-22,C033,P013,4,10.0,40.0
T1674,2026-01-23,C034,P014,5,2.0,10.0
T1675,2026-02-24,C035,P015,1,3.0,3.0
T1676,2026-03-25,C036,P016,2,4.0,8.0
T1677,2026-01-26,C037,P017,3,5.0,15.0
T1678,2026-02-27,C038,P018,4,6.0,24.0
T1679,2026-03-28,C039,P019,5,7.0,35.0
T1680,2026-01-01,C000,P000,1,8.0,8.0
T1681,2026-02-02,C001,P001,2,9.0,18.0
T1682,2026-03-03,C002,P002,3,10.0,30.0
T1683,2026-01-04,C003,P003,4,2.0,8.0
T1684,2026-02-05,C004,P004,5,3.0,15.0
T1685,2026-03-06,C005,P005,1,4.0,4.0
T1686,2026-01-07,C006,P006,2,5.0,10.0
T1687,2026-02-08,C007,P007,3,6.0,18.0
T1688,2026-03-09,C008,P008,4,7.0,28.0
T1689,2026-01-10,C009,P009,5,8.0,40.0
T1690,2026-02-11,C010,P010,1,9.0,9.0
T1691,2026-03-12,C011,P011,2,10.0,20.0
T1692,2026-01-13,C012,P012,3,2.0,6.0
T1693,2026-02-14,C013,P013,4,3.0,12.0
T1694,2026-03-15,C014,P014,5,4.0,20.0
T1695,2026-01-16,C015,P015,1,5.0,5.0
T1696,2026-02-17,C016,P016,2,6.0,12.0
T1697,2026-03-18,C017,P017,3,7.0,21.0
T1698,2026-01-19,C018,P018,4,8.0,32.0
T1699,2026-02-20,C019,P019,5,9.0,45.0
T1700,2026-03-21,C020,P000,1,10.0,10.0
T1701,2026-01-22,C021,P001,2,2.0,4.0
T1702,2026-02-23,C022,P002,3,3.0,9.0
T1703,2026-03-24,C023,P003,4,4.0,16.0
T1704,2026-01-25,C024,P004,5,5.0,25.0
T1705,2026-02-26,C025,P005,1,6.0,6.0
T1706,2026-03-27,C026,P006,2,7.0,14.0
T1707,2026-01-28,C027,P007,3,8.0,24.0
T1708,2026-02-01,C028,P008,4,9.0,36.0
T1709,2026-03-02,C029,P009,5,10.0,50.0
T1710,2026-01-03,C030,P010,1,2.0,2.0
T1711,2026-02-04,C031,P011,2,3.0,6.0
T1712,2026-03-05,C032,P012,3,4.0,12.0
T1713,2026-01-06,C033,P013,4,5.0,20.0
T1714,2026-02-07,C034,P014,5,6.0,30.0
T1715,2026-03-08,C035,P015,1,7.0,7.0
T1716,2026-01-09,C036,P016,2,8.0,16.0
T1717,2026-02-10,C037,P017,3,9.0,27.0
T1718,2026-03-11,C038,P018,4,10.0,40.0
T1719,2026-01-12,C039,P019,5,2.0,10.0
T1720,2026-02-13,C000,P000,1,3.0,3.0
T1721,2026-03-14,C001,P001,2,4.0,8.0
T1722,2026-01-15,C002,P002,3,5.0,15.0
T1723,2026-02-16,C003,P003,4,6.0,24.0
T1724,2026-03-17,C004,P004,5,7.0,35.0
T1725,2026-01-18,C005,P005,1,8.0,8.0
T1726,2026-02-19,C006,P006,2,9.0,18.0
T1727,2026-03-20,C007,P007,3,10.0,30.0
T1728,2026-01-21,C008,P008,4,2.0,8.0
T1729,2026-02-22,C009,P009,5,3.0,15.0
T1730,2026-03-23,C010,P010,1,4.0,4.0
T1731,2026-01-24,C011,P011,2,5.0,10.0
T1732,2026-02-25,C012,P012,3,6.0,18.0
T1733,2026-03-26,C013,P013,4,7.0,28.0
T1734,2026-01-27,C014,P014,5,8.0,40.0
T1735,2026-02-28,C015,P015,1,9.0,9.0
T1736,2026-03-01,C016,P016,2,10.0,20.0
T1737,2026-01-02,C017,P017,3,2.0,6.0
T1738,2026-02-03,C018,P018,4,3.0,12.0
T1739,2026-03-04,C019,P019,5,4.0,20.0
T1740,2026-01-05,C020,P000,1,5.0,5.0
T1741,2026-02-06,C021,P001,2,6.0,12.0
T1742,2026-03-07,C022,P002,3,7.0,21.0
T1743,2026-01-08,C023,P003,4,8.0,32.0
T1744,2026-02-09,C024,P004,5,9.0,45.0
T1745,2026-03-10,C025,P005,1,10.0,10.0
T1746,2026-01-11,C026,P006,2,2.0,4.0
T1747,2026-02-12,C027,P007,3,3.0,9.0
T1748,2026-03-13,C028,P008,4,4.0,16.0
T1749,2026-01-14,C029,P009,5,5.0,25.0
T1750,2026-02-15,C030,P010,1,6.0,6.0
T1751,2026-03-16,C031,P011,2,7.0,14.0
T1752,2026-01-17,C032,P012,3,8.0,24.0
T1753,2026-02-18,C033,P013,4,9.0,36.0
T1754,2026-03-19,C034,P014,5,10.0,50.0
T1755,2026-01-20,C035,P015,1,2.0,2.0
T1756,2026-02-21,C036,P016,2,3.0,6.0
T1757,2026-03-22,C037,P017,3,4.0,12.0
T1758,2026-01-23,C038,P018,4,5.0,20.0
T1759,2026-02-24,C039,P019,5,6.0,30.0
T1760,2026-03-25,C000,P000,1,7.0,7.0
T1761,2026-01-26,C001,P001,2,8.0,16.0
T1762,2026-02-27,C002,P002,3,9.0,27.0
T1763,2026-03-28,C003,P003,4,10.0,40.0
T1764,2026-01-01,C004,P004,5,2.0,10.0
T1765,2026-02-02,C005,P005,1,3.0,3.0
T1766,2026-03-03,C006,P006,2,4.0,8.0
T1767,2026-01-04,C007,P007,3,5.0,15.0
T1768,2026-02-05,C008,P008,4,6.0,24.0
T1769,2026-03-06,C009,P009,5,7.0,35.0
T1770,2026-01-07,C010,P010,1,8.0,8.0
T1771,2026-02-08,C011,P011,2,9.0,18.0
T1772,2026-03-09,C012,P012,3,10.0,30.0
T1773,2026-01-10,C013,P013,4,2.0,8.0
T1774,2026-02-11,C014,P014,5,3.0,15.0
T1775,2026-03-12,C015,P015,1,4.0,4.0
T1776,2026-01-13,C016,P016,2,5.0,10.0
T1777,2026-02-14,C017,P017,3,6.0,18.0
T1778,2026-03-15,C018,P018,4,7.0,28.0
T1779,2026-01-16,C019,P019,5,8.0,40.0
T1780,2026-02-17,C020,P000,1,9.0,9.0
T1781,2026-03-18,C021,P001,2,10.0,20.0
T1782,2026-01-19,C022,P002,3,2.0,6.0
T1783,2026-02-20,C023,P003,4,3.0,12.0
T1784,2026-03-21,C024,P004,5,4.0,20.0
T1785,2026-01-22,C025,P005,1,5.0,5.0
T1786,2026-02-23,C026,P006,2,6.0,12.0
T1787,2026-03-24,C027,P007,3,7.0,21.0
T1788,2026-01-25,C028,P008,4,8.0,32.0
T1789,2026-02-26,C029,P009,5,9.0,45.0
T1790,2026-03-27,C030,P010,1,10.0,10.0
T1791,2026-01-28,C031,P011,2,2.0,4.0
T1792,2026-02-01,C032,P012,3,3.0,9.0
T1793,2026-03-02,C033,P013,4,4.0,16.0
T1794,2026-01-03,C034,P014,5,5.0,25.0
T1795,2026-02-04,C035,P015,1,6.0,6.0
T1796,2026-03-05,C036,P016,2,7.0,14.0
T1797,2026-01-06,C037,P017,3,8.0,24.0
T1798,2026-02-07,C038,P018,4,9.0,36.0
T1799,2026-03-08,C039,P019,5,10.0,50.0
T1800,2026-01-09,C000,P000,1,2.0,2.0
T1801,2026-02-10,C001,P001,2,3.0,6.0
T1802,2026-03-11,C002,P002,3,4.0,12.0
T1803,2026-01-12,C003,P003,4,5.0,20.0
T1804,2026-02-13,C004,P004,5,6.0,30.0
T1805,2026-03-14,C005,P005,1,7.0,7.0
T1806,2026-01-15,C006,P006,2,8.0,16.0
T1807,2026-02-16,C007,P007,3,9.0,27.0
T1808,2026-03-17,C008,P008,4,10.0,40.0
T1809,2026-01-18,C009,P009,5,2.0,10.0
T1810,2026-02-19,C010,P010,1,3.0,3.0
T1811,2026-03-20,C011,P011,2,4.0,8.0
T1812,2026-01-21,C012,P012,3,5.0,15.0
T1813,2026-02-22,C013,P013,4,6.0,24.0
T1814,2026-03-23,C014,P014,5,7.0,35.0
T1815,2026-01-24,C015,P015,1,8.0,8.0
T1816,2026-02-25,C016,P016,2,9.0,18.0
T1817,2026-03-26,C017,P017,3,10.0,30.0
T1818,2026-01-27,C018,P018,4,2.0,8.0
T1819,2026-02-28,C019,P019,5,3.0,15.0
T1820,2026-03-01,C020,P000,1,4.0,4.0
T1821,2026-01-02,C021,P001,2,5.0,10.0
T1822,2026-02-03,C022,P002,3,6.0,18.0
T1823,2026-03-04,C023,P003,4,7.0,28.0
T1824,2026-01-05,C024,P004,5,8.0,40.0
T1825,2026-02-06,C025,P005,1,9.0,9.0
T1826,2026-03-07,C026,P006,2,10.0,20.0
T1827,2026-01-08,C027,P007,3,2.0,6.0
T1828,2026-02-09,C028,P008,4,3.0,12.0
T1829,2026-03-10,C029,P009,5,4.0,20.0
T1830,2026-01-11,C030,P010,1,5.0,5.0
T1831,2026-02-12,C031,P011,2,6.0,12.0
T1832,2026-03-13,C032,P012,3,7.0,21.0
T1833,2026-01-14,C033,P013,4,8.0,32.0
T1834,2026-02-15,C034,P014,5,9.0,45.0
T1835,2026-03-16,C035,P015,1,10.0,10.0
T1836,2026-01-17,C036,P016,2,2.0,4.0
T1837,2026-02-18,C037,P017,3,3.0,9.0
T1838,2026-03-19,C038,P018,4,4.0,16.0
T1839,2026-01-20,C039,P019,5,5.0,25.0
T1840,2026-02-21,C000,P000,1,6.0,6.0
T1841,2026-03-22,C001,P001,2,7.0,14.0
T1842,2026-01-23,C002,P002,3,8.0,24.0
T1843,2026-02-24,C003,P003,4,9.0,36.0
T1844,2026-03-25,C004,P004,5,10.0,50.0
T1845,2026-01-26,C005,P005,1,2.0,2.0
T1846,2026-02-27,C006,P006,2,3.0,6.0
T1847,2026-03-28,C007,P007,3,4.0,12.0
T1848,2026-01-01,C008,P008,4,5.0,20.0
T1849,2026-02-02,C009,P009,5,6.0,30.0
T1850,2026-03-03,C010,P010,1,7.0,7.0
T1851,2026-01-04,C011,P011,2,8.0,16.0
T1852,2026-02-05,C012,P012,3,9.0,27.0
T1853,2026-03-06,C013,P013,4,10.0,40.0
T1854,2026-01-07,C014,P014,5,2.0,10.0
T1855,2026-02-08,C015,P015,1,3.0,3.0
T1856,2026-03-09,C016,P016,2,4.0,8.0
T1857,2026-01-10,C017,P017,3,5.0,15.0
T1858,2026-02-11,C018,P018,4,6.0,24.0
T1859,2026-03-12,C019,P019,5,7.0,35.0
T1860,2026-01-13,C020,P000,1,8.0,8.0
T1861,2026-02-14,C021,P001,2,9.0,18.0
T1862,2026-03-15,C022,P002,3,10.0,30.0
T1863,2026-01-16,C023,P003,4,2.0,8.0
T1864,2026-02-17,C024,P004,5,3.0,15.0
T1865,2026-03-18,C025,P005,1,4.0,4.0
T1866,2026-01-19,C026,P006,2,5.0,10.0
T1867,2026-02-20,C027,P007,3,6.0,18.0
T1868,2026-03-21,C028,P008,4,7.0,28.0
T1869,2026-01-22,C029,P009,5,8.0,40.0
T1870,2026-02-23,C030,P010,1,9.0,9.0
T1871,2026-03-24,C031,P011,2,10.0,20.0
T1872,2026-01-25,C032,P012,3,2.0,6.0
T1873,2026-02-26,C033,P013,4,3.0,12.0
T1874,2026-03-27,C034,P014,5,4.0,20.0
T1875,2026-01-28,C035,P015,1,5.0,5.0
T1876,2026-02-01,C036,P016,2,6.0,12.0
T1877,2026-03-02,C037,P017,3,7.0,21.0
T1878,2026-01-03,C038,P018,4,8.0,32.0
T1879,2026-02-04,C039,P019,5,9.0,45.0
T1880,2026-03-05,C000,P000,1,10.0,10.0
T1881,2026-01-06,C001,P001,2,2.0,4.0
T1882,2026-02-07,C002,P002,3,3.0,9.0
T1883,2026-03-08,C003,P003,4,4.0,16.0
T1884,2026-01-09,C004,P004,5,5.0,25.0
T1885,2026-02-10,C005,P005,1,6.0,6.0
T1886,2026-03-11,C006,P006,2,7.0,14.0
T1887,2026-01-12,C007,P007,3,8.0,24.0
T1888,2026-02-13,C008,P008,4,9.0,36.0
T1889,2026-03-14,C009,P009,5,10.0,50.0
T1890,2026-01-15,C010,P010,1,2.0,2.0
T1891,2026-02-16,C011,P011,2,3.0,6.0
T1892,2026-03-17,C012,P012,3,4.0,12.0
T1893,2026-01-18,C013,P013,4,5.0,20.0
T1894,2026-02-19,C014,P014,5,6.0,30.0
T1895,2026-03-20,C015,P015,1,7.0,7.0
T1896,2026-01-21,C016,P016,2,8.0,16.0
T1897,2026-02-22,C017,P017,3,9.0,27.0
T1898,2026-03-23,C018,P018,4,10.0,40.0
T1899,2026-01-24,C019,P019,5,2.0,10.0
T1900,2026-02-25,C020,P000,1,3.0,3.0
T1901,2026-03-26,C021,P001,2,4.0,8.0
T1902,2026-01-27,C022,P002,3,5.0,15.0
T1903,2026-02-28,C023,P003,4,6.0,24.0
T1904,2026-03-01,C024,P004,5,7.0,35.0
T1905,2026-01-02,C025,P005,1,8.0,8.0
T1906,2026-02-03,C026,P006,2,9.0,18.0
T1907,2026-03-04,C027,P007,3,10.0,30.0
T1908,2026-01-05,C028,P008,4,2.0,8.0
T1909,2026-02-06,C029,P009,5,3.0,15.0
T1910,2026-03-07,C030,P010,1,4.0,4.0
T1911,2026-01-08,C031,P011,2,5.0,10.0
T1912,2026-02-09,C032,P012,3,6.0,18.0
T1913,2026-03-10,C033,P013,4,7.0,28.0
T1914,2026-01-11,C034,P014,5,8.0,40.0
T1915,2026-02-12,C035,P015,1,9.0,9.0
T1916,2026-03-13,C036,P016,2,10.0,20.0
T1917,2026-01-14,C037,P017,3,2.0,6.0
T1918,2026-02-15,C038,P018,4,3.0,12.0
T1919,2026-03-16,C039,P019,5,4.0,20.0
T1920,2026-01-17,C000,P000,1,5.0,5.0
T1921,2026-02-18,C001,P001,2,6.0,12.0
T1922,2026-03-19,C002,P002,3,7.0,21.0
T1923,2026-01-20,C003,P003,4,8.0,32.0
T1924,2026-02-21,C004,P004,5,9.0,45.0
T1925,2026-03-22,C005,P005,1,10.0,10.0
T1926,2026-01-23,C006,P006,2,2.0,4.0
T1927,2026-02-24,C007,P007,3,3.0,9.0
T1928,2026-03-25,C008,P008,4,4.0,16.0
T1929,2026-01-26,C009,P009,5,5.0,25.0
T1930,2026-02-27,C010,P010,1,6.0,6.0
T1931,2026-03-28,C011,P011,2,7.0,14.0
T1932,2026-01-01,C012,P012,3,8.0,24.0
T1933,2026-02-02,C013,P013,4,9.0,36.0
T1934,2026-03-03,C014,P014,5,10.0,50.0
T1935,2026-01-04,C015,P015,1,2.0,2.0
T1936,2026-02-05,C016,P016,2,3.0,6.0
T1937,2026-03-06,C017,P017,3,4.0,12.0
T1938,2026-01-07,C018,P018,4,5.0,20.0
T1939,2026-02-08,C019,P019,5,6.0,30.0
T1940,2026-03-09,C020,P000,1,7.0,7.0
T1941,2026-01-10,C021,P001,2,8.0,16.0
T1942,2026-02-11,C022,P002,3,9.0,27.0
T1943,2026-03-12,C023,P003,4,10.0,40.0
T1944,2026-01-13,C024,P004,5,2.0,10.0
T1945,2026-02-14,C025,P005,1,3.0,3.0
T1946,2026-03-15,C026,P006,2,4.0,8.0
T1947,2026-01-16,C027,P007,3,5.0,15.0
T1948,2026-02-17,C028,P008,4,6.0,24.0
T1949,2026-03-18,C029,P009,5,7.0,35.0
T1950,2026-01-19,C030,P010,1,8.0,8.0
T1951,2026-02-20,C031,P011,2,9.0,18.0
T1952,2026-03-21,C032,P012,3,10.0,30.0
T1953,2026-01-22,C033,P013,4,2.0,8.0
T1954,2026-02-23,C034,P014,5,3.0,15.0
T1955,2026-03-24,C035,P015,1,4.0,4.0
T1956,2026-01-25,C036,P016,2,5.0,10.0
T1957,2026-02-26,C037,P017,3,6.0,18.0
T1958,2026-03-27,C038,P018,4,7.0,28.0
T1959,2026-01-28,C039,P019,5,8.0,40.0
T1960,2026-02-01,C000,P000,1,9.0,9.0
T1961,2026-03-02,C001,P001,2,10.0,20.0
T1962,2026-01-03,C002,P002,3,2.0,6.0
T1963,2026-02-04,C003,P003,4,3.0,12.0
T1964,2026-03-05,C004,P004,5,4.0,20.0
T1965,2026-01-06,C005,P005,1,5.0,5.0
T1966,2026-02-07,C006,P006,2,6.0,12.0
T1967,2026-03-08,C007,P007,3,7.0,21.0
T1968,2026-01-09,C008,P008,4,8.0,32.0
T1969,2026-02-10,C009,P009,5,9.0,45.0
T1970,2026-03-11,C010,P010,1,10.0,10.0
T1971,2026-01-12,C011,P011,2,2.0,4.0
T1972,2026-02-13,C012,P012,3,3.0,9.0
T1973,2026-03-14,C013,P013,4,4.0,16.0
T1974,2026-01-15,C014,P014,5,5.0,25.0
T1975,2026-02-16,C015,P015,1,6.0,6.0
T1976,2026-03-17,C016,P016,2,7.0,14.0
T1977,2026-01-18,C017,P017,3,8.0,24.0
T1978,2026-02-19,C018,P018,4,9.0,36.0
T1979,2026-03-20,C019,P019,5,10.0,50.0
T1980,2026-01-21,C020,P000,1,2.0,2.0
T1981,2026-02-22,C021,P001,2,3.0,6.0
T1982,2026-03-23,C022,P002,3,4.0,12.0
T1983,2026-01-24,C023,P003,4,5.0,20.0
T1984,2026-02-25,C024,P004,5,6.0,30.0
T1985,2026-03-26,C025,P005,1,7.0,7.0
T1986,2026-01-27,C026,P006,2,8.0,16.0
T1987,2026-02-28,C027,P007,3,9.0,27.0
T1988,2026-03-01,C028,P008,4,10.0,40.0
T1989,2026-01-02,C029,P009,5,2.0,10.0
T1990,2026-02-03,C030,P010,1,3.0,3.0
T1991,2026-03-04,C031,P011,2,4.0,8.0
T1992,2026-01-05,C032,P012,3,5.0,15.0
T1993,2026-02-06,C033,P013,4,6.0,24.0
T1994,2026-03-07,C034,P014,5,7.0,35.0
T1995,2026-01-08,C035,P015,1,8.0,8.0
T1996,2026-02-09,C036,P016,2,9.0,18.0
T1997,2026-03-10,C037,P017,3,10.0,30.0
T1998,2026-01-11,C038,P018,4,2.0,8.0
T1999,2026-02-12,C039,P019,5,3.0,15.0
T2000,2026-03-13,C000,P000,1,4.0,4.0
