fixed_acidity,volatile_acidity,citric_acid,residual_sugar,chlorides,free_sulfur_dioxide,total_sulfur_dioxide,density,pH,sulphates,alcohol,quality
10.8,0.32,0.44,1.6,0.063,16.0,37.0,0.9985,3.22,0.78,12.5,6
7.1,0.6,0.0,1.8,0.074,16.0,34.0,0.9972,3.47,0.7,12.4,6
11.1,0.35,0.48,3.1,0.09,5.0,21.0,0.9986,3.17,0.53,13,5
7.7,0.775,0.42,1.9,0.092,8.0,86.0,0.9959,3.23,0.59,12,5
7.1,0.6,0.0,1.8,0.074,16.0,34.0,0.9972,3.47,0.7,12.4,6
8.0,0.57,0.23,3.2,0.073,17.0,119.0,0.99675,3.26,0.57,11.8,5
9.4,0.34,0.37,2.2,0.075,5.0,13.0,0.998,3.22,0.62,11.7,5
6.6,0.695,0.0,2.1,0.075,12.0,56.0,0.9968,3.49,0.67,11.7,5
7.7,0.41,0.76,1.8,0.611,8.0,45.0,0.9968,3.06,1.26,11.9,5
10.0,0.31,0.47,2.6,0.085,14.0,33.0,0.99965,3.36,0.8,13,7
7.9,0.33,0.23,1.7,0.077,18.0,45.0,0.99625,3.29,0.65,11.8,5
7.0,0.975,0.04,2.0,0.087,12.0,67.0,0.99565,3.35,0.6,11.9,4
8.0,0.52,0.03,1.7,0.07,10.0,35.0,0.99575,3.34,0.57,12.5,5
7.9,0.37,0.23,1.8,0.077,23.0,49.0,0.9963,3.28,0.67,11.8,5
12.5,0.56,0.49,2.4,0.064,5.0,27.0,0.9999,3.08,0.87,13.4,5
11.8,0.26,0.52,1.8,0.071,6.0,10.0,0.9968,3.2,0.72,12.7,7
8.1,0.87,0.0,3.3,0.096,26.0,61.0,1.00025,3.6,0.72,12.3,4
7.9,0.35,0.46,3.6,0.078,15.0,37.0,0.9973,3.35,0.86,15.3,8
6.9,0.54,0.04,3.0,0.077,7.0,27.0,0.9987,3.69,0.91,11.9,6
11.5,0.18,0.51,4.0,0.104,4.0,23.0,0.9996,3.28,0.97,12.6,6
7.9,0.545,0.06,4.0,0.087,27.0,61.0,0.9965,3.36,0.67,13.2,6
11.5,0.18,0.51,4.0,0.104,4.0,23.0,0.9996,3.28,0.97,12.6,6
10.9,0.37,0.58,4.0,0.071,17.0,65.0,0.99935,3.22,0.78,12.6,5
8.4,0.715,0.2,2.4,0.076,10.0,38.0,0.99735,3.31,0.64,11.9,5
7.5,0.65,0.18,7.0,0.088,27.0,94.0,0.99915,3.38,0.77,11.9,5
7.9,0.545,0.06,4.0,0.087,27.0,61.0,0.9965,3.36,0.67,13.2,6
6.9,0.54,0.04,3.0,0.077,7.0,27.0,0.9987,3.69,0.91,11.9,6
11.5,0.18,0.51,4.0,0.104,4.0,23.0,0.9996,3.28,0.97,12.6,6
10.3,0.32,0.45,6.4,0.073,5.0,13.0,0.9976,3.23,0.82,15.1,8
8.9,0.4,0.32,5.6,0.087,10.0,47.0,0.9991,3.38,0.77,13,7
11.4,0.26,0.44,3.6,0.071,6.0,19.0,0.9986,3.12,0.82,11.8,6
7.7,0.27,0.68,3.5,0.358,5.0,10.0,0.9972,3.25,1.08,12.4,7
7.6,0.52,0.12,3.0,0.067,12.0,53.0,0.9971,3.36,0.57,11.6,5
8.9,0.4,0.32,5.6,0.087,10.0,47.0,0.9991,3.38,0.77,13,7
9.9,0.59,0.07,3.4,0.102,32.0,71.0,1.00015,3.31,0.71,12.3,5
9.9,0.59,0.07,3.4,0.102,32.0,71.0,1.00015,3.31,0.71,12.3,5
12.0,0.45,0.55,2.0,0.073,25.0,49.0,0.9997,3.1,0.76,12.8,6
7.5,0.4,0.12,3.0,0.092,29.0,53.0,0.9967,3.37,0.7,12.8,6
8.7,0.52,0.09,2.5,0.091,20.0,49.0,0.9976,3.34,0.86,13.1,7
11.6,0.42,0.53,3.3,0.105,33.0,98.0,1.001,3.2,0.95,11.7,5
8.7,0.52,0.09,2.5,0.091,20.0,49.0,0.9976,3.34,0.86,13.1,7
11.0,0.2,0.48,2.0,0.343,6.0,18.0,0.9979,3.3,0.71,13,5
10.4,0.55,0.23,2.7,0.091,18.0,48.0,0.9994,3.22,0.64,12.8,6
6.9,0.36,0.25,2.4,0.098,5.0,16.0,0.9964,3.41,0.6,12.6,6
13.3,0.34,0.52,3.2,0.094,17.0,53.0,1.0014,3.05,0.81,12,6
10.8,0.5,0.46,2.5,0.073,5.0,27.0,1.0001,3.05,0.64,12,5
10.6,0.83,0.37,2.6,0.086,26.0,70.0,0.9981,3.16,0.52,12.4,5
7.1,0.63,0.06,2.0,0.083,8.0,29.0,0.99855,3.67,0.73,12.1,5
7.2,0.65,0.02,2.3,0.094,5.0,31.0,0.9993,3.67,0.8,12.2,5
6.9,0.67,0.06,2.1,0.08,8.0,33.0,0.99845,3.68,0.71,12.1,5
7.5,0.53,0.06,2.6,0.086,20.0,44.0,0.9965,3.38,0.59,13.2,6
11.1,0.18,0.48,1.5,0.068,7.0,15.0,0.9973,3.22,0.64,12.6,6
8.3,0.705,0.12,2.6,0.092,12.0,28.0,0.9994,3.51,0.72,12.5,5
7.4,0.67,0.12,1.6,0.186,5.0,21.0,0.996,3.39,0.54,12,5
8.4,0.65,0.6,2.1,0.112,12.0,90.0,0.9973,3.2,0.52,11.7,5
10.3,0.53,0.48,2.5,0.063,6.0,25.0,0.9998,3.12,0.59,11.8,6
7.6,0.62,0.32,2.2,0.082,7.0,54.0,0.9966,3.36,0.52,11.9,5
10.3,0.41,0.42,2.4,0.213,6.0,14.0,0.9994,3.19,0.62,12,6
10.3,0.43,0.44,2.4,0.214,5.0,12.0,0.9994,3.19,0.63,12,6
7.4,0.29,0.38,1.7,0.062,9.0,30.0,0.9968,3.41,0.53,12,6
10.3,0.53,0.48,2.5,0.063,6.0,25.0,0.9998,3.12,0.59,11.8,6
7.9,0.53,0.24,2.0,0.072,15.0,105.0,0.996,3.27,0.54,11.9,6
9.0,0.46,0.31,2.8,0.093,19.0,98.0,0.99815,3.32,0.63,12,6
8.6,0.47,0.3,3.0,0.076,30.0,135.0,0.9976,3.3,0.53,11.9,5
7.4,0.36,0.29,2.6,0.087,26.0,72.0,0.99645,3.39,0.68,13.5,5
7.1,0.35,0.29,2.5,0.096,20.0,53.0,0.9962,3.42,0.65,13.5,6
9.6,0.56,0.23,3.4,0.102,37.0,92.0,0.9996,3.3,0.65,12.6,5
9.6,0.77,0.12,2.9,0.082,30.0,74.0,0.99865,3.3,0.64,12.9,6
9.8,0.66,0.39,3.2,0.083,21.0,59.0,0.9989,3.37,0.71,14,7
9.6,0.77,0.12,2.9,0.082,30.0,74.0,0.99865,3.3,0.64,12.9,6
9.8,0.66,0.39,3.2,0.083,21.0,59.0,0.9989,3.37,0.71,14,7
9.3,0.61,0.26,3.4,0.09,25.0,87.0,0.99975,3.24,0.62,12.2,5
7.8,0.62,0.05,2.3,0.079,6.0,18.0,0.99735,3.29,0.63,11.8,5
10.3,0.59,0.42,2.8,0.09,35.0,73.0,0.999,3.28,0.7,12,6
10.0,0.49,0.2,11.0,0.071,13.0,50.0,1.0015,3.16,0.69,11.7,6
10.0,0.49,0.2,11.0,0.071,13.0,50.0,1.0015,3.16,0.69,11.7,6
11.6,0.53,0.66,3.65,0.121,6.0,14.0,0.9978,3.05,0.74,14,7
10.3,0.44,0.5,4.5,0.107,5.0,13.0,0.998,3.28,0.83,14,5
13.4,0.27,0.62,2.6,0.082,6.0,21.0,1.0002,3.16,0.67,12.2,6
10.7,0.46,0.39,2.0,0.061,7.0,15.0,0.9981,3.18,0.62,12,5
10.2,0.36,0.64,2.9,0.122,10.0,41.0,0.998,3.23,0.66,15,6
10.2,0.36,0.64,2.9,0.122,10.0,41.0,0.998,3.23,0.66,15,6
8.0,0.58,0.28,3.2,0.066,21.0,114.0,0.9973,3.22,0.54,11.9,6
8.4,0.56,0.08,2.1,0.105,16.0,44.0,0.9958,3.13,0.52,13.5,5
7.9,0.65,0.01,2.5,0.078,17.0,38.0,0.9963,3.34,0.74,14.2,7
11.9,0.695,0.53,3.4,0.128,7.0,21.0,0.9992,3.17,0.84,14.7,7
8.9,0.43,0.45,1.9,0.052,6.0,16.0,0.9948,3.35,0.7,15,6
7.8,0.43,0.32,2.8,0.08,29.0,58.0,0.9974,3.31,0.64,12.8,5
12.4,0.49,0.58,3.0,0.103,28.0,99.0,1.0008,3.16,1.0,14,6
12.5,0.28,0.54,2.3,0.082,12.0,29.0,0.9997,3.11,1.36,12.3,7
12.2,0.34,0.5,2.4,0.066,10.0,21.0,1.0,3.12,1.18,11.7,6
10.6,0.42,0.48,2.7,0.065,5.0,18.0,0.9972,3.21,0.87,13.8,6
10.9,0.39,0.47,1.8,0.118,6.0,14.0,0.9982,3.3,0.75,12.3,6
10.9,0.39,0.47,1.8,0.118,6.0,14.0,0.9982,3.3,0.75,12.3,6
11.9,0.57,0.5,2.6,0.082,6.0,32.0,1.0006,3.12,0.78,13.2,6
7.0,0.685,0.0,1.9,0.067,40.0,63.0,0.9979,3.6,0.81,12.4,5
6.6,0.815,0.02,2.7,0.072,17.0,34.0,0.9955,3.58,0.89,14.8,7
13.8,0.49,0.67,3.0,0.093,6.0,15.0,0.9986,3.02,0.93,14.5,6
9.6,0.56,0.31,2.8,0.089,15.0,46.0,0.9979,3.11,0.92,12.5,6
9.1,0.785,0.0,2.6,0.093,11.0,28.0,0.9994,3.36,0.86,11.9,6
10.7,0.67,0.22,2.7,0.107,17.0,34.0,1.0004,3.28,0.98,12.4,6
9.1,0.795,0.0,2.6,0.096,11.0,26.0,0.9994,3.35,0.83,11.9,6
7.7,0.665,0.0,2.4,0.09,8.0,19.0,0.9974,3.27,0.73,11.8,5
13.5,0.53,0.79,4.8,0.12,23.0,77.0,1.0018,3.18,0.77,15.5,5
6.1,0.21,0.4,1.4,0.066,40.5,165.0,0.9912,3.25,0.59,14.4,6
6.7,0.75,0.01,2.4,0.078,17.0,32.0,0.9955,3.55,0.61,15.3,6
11.5,0.41,0.52,3.0,0.08,29.0,55.0,1.0001,3.26,0.88,13.5,5
10.5,0.42,0.66,2.95,0.116,12.0,29.0,0.997,3.24,0.75,14.2,7
11.9,0.43,0.66,3.1,0.109,10.0,23.0,1.0,3.15,0.85,12.9,7
12.6,0.38,0.66,2.6,0.088,10.0,41.0,1.001,3.17,0.68,12.3,6
8.2,0.7,0.23,2.0,0.099,14.0,81.0,0.9973,3.19,0.7,11.9,5
8.6,0.45,0.31,2.6,0.086,21.0,50.0,0.9982,3.37,0.91,12.4,6
11.9,0.58,0.66,2.5,0.072,6.0,37.0,0.9992,3.05,0.56,12.5,5
12.5,0.46,0.63,2.0,0.071,6.0,15.0,0.9988,2.99,0.87,12.7,5
12.8,0.615,0.66,5.8,0.083,7.0,42.0,1.0022,3.07,0.73,12.5,7
10.0,0.42,0.5,3.4,0.107,7.0,21.0,0.9979,3.26,0.93,14.3,6
12.8,0.615,0.66,5.8,0.083,7.0,42.0,1.0022,3.07,0.73,12.5,7
10.4,0.575,0.61,2.6,0.076,11.0,24.0,1.0,3.16,0.69,11.5,5
10.3,0.34,0.52,2.8,0.159,15.0,75.0,0.9998,3.18,0.64,11.9,5
9.4,0.27,0.53,2.4,0.074,6.0,18.0,0.9962,3.2,1.13,14.5,7
6.9,0.765,0.02,2.3,0.063,35.0,63.0,0.9975,3.57,0.78,12.4,5
7.9,0.24,0.4,1.6,0.056,11.0,25.0,0.9967,3.32,0.87,11.2,6
9.1,0.28,0.48,1.8,0.067,26.0,46.0,0.9967,3.32,1.04,13.1,6
7.4,0.55,0.22,2.2,0.106,12.0,72.0,0.9959,3.05,0.63,11.7,5
14.0,0.41,0.63,3.8,0.089,6.0,47.0,1.0014,3.01,0.81,13.3,6
11.5,0.54,0.71,4.4,0.124,6.0,15.0,0.9984,3.01,0.83,14.3,7
11.5,0.45,0.5,3.0,0.078,19.0,47.0,1.0003,3.26,1.11,13.5,6
9.4,0.27,0.53,2.4,0.074,6.0,18.0,0.9962,3.2,1.13,14.5,7
11.4,0.625,0.66,6.2,0.088,6.0,24.0,0.9988,3.11,0.99,15.8,6
8.3,0.42,0.38,2.5,0.094,24.0,60.0,0.9979,3.31,0.7,13.3,6
8.3,0.26,0.42,2.0,0.08,11.0,27.0,0.9974,3.21,0.8,11.9,6
13.7,0.415,0.68,2.9,0.085,17.0,43.0,1.0014,3.06,0.8,12.5,6
8.3,0.26,0.42,2.0,0.08,11.0,27.0,0.9974,3.21,0.8,11.9,6
8.3,0.26,0.42,2.0,0.08,11.0,27.0,0.9974,3.21,0.8,11.9,6
7.7,0.51,0.28,2.1,0.087,23.0,54.0,0.998,3.42,0.74,11.7,5
7.4,0.63,0.07,2.4,0.09,11.0,37.0,0.9979,3.43,0.76,12.2,6
7.8,0.54,0.26,2.0,0.088,23.0,48.0,0.9981,3.41,0.74,11.7,6
8.3,0.66,0.15,1.9,0.079,17.0,42.0,0.9972,3.31,0.54,12.1,6
7.8,0.46,0.26,1.9,0.088,23.0,53.0,0.9981,3.43,0.74,11.7,6
9.6,0.38,0.31,2.5,0.096,16.0,49.0,0.9982,3.19,0.7,12.5,7
5.6,0.85,0.05,1.4,0.045,12.0,88.0,0.9924,3.56,0.82,15.4,8
13.7,0.415,0.68,2.9,0.085,17.0,43.0,1.0014,3.06,0.8,12.5,6
9.5,0.37,0.52,2.0,0.082,6.0,26.0,0.998,3.18,0.51,12,5
8.4,0.665,0.61,2.0,0.112,13.0,95.0,0.997,3.16,0.54,11.6,5
12.7,0.6,0.65,2.3,0.063,6.0,25.0,0.9997,3.03,0.57,12.4,5
12.0,0.37,0.76,4.2,0.066,7.0,38.0,1.0004,3.22,0.6,15.5,7
6.6,0.735,0.02,7.9,0.122,68.0,124.0,0.9994,3.47,0.53,12.4,5
11.5,0.59,0.59,2.6,0.087,13.0,49.0,0.9988,3.18,0.65,13.5,6
11.5,0.59,0.59,2.6,0.087,13.0,49.0,0.9988,3.18,0.65,13.5,6
8.7,0.765,0.22,2.3,0.064,9.0,42.0,0.9963,3.1,0.55,11.9,5
6.6,0.735,0.02,7.9,0.122,68.0,124.0,0.9994,3.47,0.53,12.4,5
7.7,0.26,0.3,1.7,0.059,20.0,38.0,0.9949,3.29,0.47,13.3,6
12.2,0.48,0.54,2.6,0.085,19.0,64.0,1.0,3.1,0.61,13,6
11.4,0.6,0.49,2.7,0.085,10.0,41.0,0.9994,3.15,0.63,13,6
7.7,0.69,0.05,2.7,0.075,15.0,27.0,0.9974,3.26,0.61,11.6,5
8.7,0.31,0.46,1.4,0.059,11.0,25.0,0.9966,3.36,0.76,12.6,6
9.8,0.44,0.47,2.5,0.063,9.0,28.0,0.9981,3.24,0.65,13.3,6
12.0,0.39,0.66,3.0,0.093,12.0,30.0,0.9996,3.18,0.63,13.3,7
10.4,0.34,0.58,3.7,0.174,6.0,16.0,0.997,3.19,0.7,13.8,6
12.5,0.46,0.49,4.5,0.07,26.0,49.0,0.9981,3.05,0.57,12.1,4
9.0,0.43,0.34,2.5,0.08,26.0,86.0,0.9987,3.38,0.62,12,6
9.1,0.45,0.35,2.4,0.08,23.0,78.0,0.9987,3.38,0.62,12,5
7.1,0.735,0.16,1.9,0.1,15.0,77.0,0.9966,3.27,0.64,11.8,5
9.9,0.4,0.53,6.7,0.097,6.0,19.0,0.9986,3.27,0.82,14.2,7
8.8,0.52,0.34,2.7,0.087,24.0,122.0,0.9982,3.26,0.61,12,5
8.6,0.725,0.24,6.6,0.117,31.0,134.0,1.0014,3.32,1.07,11.8,5
10.6,0.48,0.64,2.2,0.111,6.0,20.0,0.997,3.26,0.66,14.2,6
7.0,0.58,0.12,1.9,0.091,34.0,124.0,0.9956,3.44,0.48,13,5
11.9,0.38,0.51,2.0,0.121,7.0,20.0,0.9996,3.24,0.76,12.9,6
6.8,0.77,0.0,1.8,0.066,34.0,52.0,0.9976,3.62,0.68,12.4,5
9.5,0.56,0.33,2.4,0.089,35.0,67.0,0.9972,3.28,0.73,14.3,7
6.6,0.84,0.03,2.3,0.059,32.0,48.0,0.9952,3.52,0.56,14.8,7
7.7,0.96,0.2,2.0,0.047,15.0,60.0,0.9955,3.36,0.44,13.4,5
10.5,0.24,0.47,2.1,0.066,6.0,24.0,0.9978,3.15,0.9,13.5,7
7.7,0.96,0.2,2.0,0.047,15.0,60.0,0.9955,3.36,0.44,13.4,5
6.6,0.84,0.03,2.3,0.059,32.0,48.0,0.9952,3.52,0.56,14.8,7
6.4,0.67,0.08,2.1,0.045,19.0,48.0,0.9949,3.49,0.49,13.9,6
9.5,0.78,0.22,1.9,0.077,6.0,32.0,0.9988,3.26,0.56,13.1,6
9.1,0.52,0.33,1.3,0.07,9.0,30.0,0.9978,3.24,0.6,11.8,5
12.8,0.84,0.63,2.4,0.088,13.0,35.0,0.9997,3.1,0.6,12.9,6
10.5,0.24,0.47,2.1,0.066,6.0,24.0,0.9978,3.15,0.9,13.5,7
7.8,0.55,0.35,2.2,0.074,21.0,66.0,0.9974,3.25,0.56,11.7,5
11.9,0.37,0.69,2.3,0.078,12.0,24.0,0.9958,3.0,0.65,15.3,6
12.3,0.39,0.63,2.3,0.091,6.0,18.0,1.0004,3.16,0.49,12,5
10.4,0.41,0.55,3.2,0.076,22.0,54.0,0.9996,3.15,0.89,12.4,6
12.3,0.39,0.63,2.3,0.091,6.0,18.0,1.0004,3.16,0.49,12,5
8.0,0.67,0.3,2.0,0.06,38.0,62.0,0.9958,3.26,0.56,12.7,6
11.1,0.45,0.73,3.2,0.066,6.0,22.0,0.9986,3.17,0.66,13.7,6
10.4,0.41,0.55,3.2,0.076,22.0,54.0,0.9996,3.15,0.89,12.4,6
7.0,0.62,0.18,1.5,0.062,7.0,50.0,0.9951,3.08,0.6,11.8,5
12.6,0.31,0.72,2.2,0.072,6.0,29.0,0.9987,2.88,0.82,12.3,8
11.9,0.4,0.65,2.15,0.068,7.0,27.0,0.9988,3.06,0.68,13.8,6
15.6,0.685,0.76,3.7,0.1,6.0,43.0,1.0032,2.95,0.68,13.7,7
10.0,0.44,0.49,2.7,0.077,11.0,19.0,0.9963,3.23,0.63,14.1,7
5.3,0.57,0.01,1.7,0.054,5.0,27.0,0.9934,3.57,0.84,15,7
9.5,0.735,0.1,2.1,0.079,6.0,31.0,0.9986,3.23,0.56,12.6,6
12.5,0.38,0.6,2.6,0.081,31.0,72.0,0.9996,3.1,0.73,13,5
9.3,0.48,0.29,2.1,0.127,6.0,16.0,0.9968,3.22,0.72,13.7,5
8.6,0.53,0.22,2.0,0.1,7.0,27.0,0.9967,3.2,0.56,12.7,6
11.9,0.39,0.69,2.8,0.095,17.0,35.0,0.9994,3.1,0.61,13.3,6
11.9,0.39,0.69,2.8,0.095,17.0,35.0,0.9994,3.1,0.61,13.3,6
8.4,0.37,0.53,1.8,0.413,9.0,26.0,0.9979,3.06,1.06,11.6,6
6.8,0.56,0.03,1.7,0.084,18.0,35.0,0.9968,3.44,0.63,12.5,6
10.4,0.33,0.63,2.8,0.084,5.0,22.0,0.9998,3.26,0.74,13.7,7
7.0,0.23,0.4,1.6,0.063,21.0,67.0,0.9952,3.5,0.63,13.6,5
11.3,0.62,0.67,5.2,0.086,6.0,19.0,0.9988,3.22,0.69,15.9,8
8.9,0.59,0.39,2.3,0.095,5.0,22.0,0.9986,3.37,0.58,12.8,5
9.2,0.63,0.21,2.7,0.097,29.0,65.0,0.9988,3.28,0.58,12.1,5
10.4,0.33,0.63,2.8,0.084,5.0,22.0,0.9998,3.26,0.74,13.7,7
11.6,0.58,0.66,2.2,0.074,10.0,47.0,1.0008,3.25,0.57,11.5,3
9.2,0.43,0.52,2.3,0.083,14.0,23.0,0.9976,3.35,0.61,13.8,6
8.3,0.615,0.22,2.6,0.087,6.0,19.0,0.9982,3.26,0.61,11.8,5
11.0,0.26,0.68,2.55,0.085,10.0,25.0,0.997,3.18,0.61,14.3,5
8.1,0.66,0.7,2.2,0.098,25.0,129.0,0.9972,3.08,0.53,11.5,5
11.5,0.315,0.54,2.1,0.084,5.0,15.0,0.9987,2.98,0.7,11.7,6
10.0,0.29,0.4,2.9,0.098,10.0,26.0,1.0006,3.48,0.91,12.2,5
10.3,0.5,0.42,2.0,0.069,21.0,51.0,0.9982,3.16,0.72,14,6
8.8,0.46,0.45,2.6,0.065,7.0,18.0,0.9947,3.32,0.79,16.5,6
11.4,0.36,0.69,2.1,0.09,6.0,21.0,1.0,3.17,0.62,11.7,6
8.7,0.82,0.02,1.2,0.07,36.0,48.0,0.9952,3.2,0.58,12.3,5
13.0,0.32,0.65,2.6,0.093,15.0,47.0,0.9996,3.05,0.61,13.1,5
9.6,0.54,0.42,2.4,0.081,25.0,52.0,0.997,3.2,0.71,13.9,6
12.5,0.37,0.55,2.6,0.083,25.0,68.0,0.9995,3.15,0.82,12.9,6
9.9,0.35,0.55,2.1,0.062,5.0,14.0,0.9971,3.26,0.79,13.1,5
10.5,0.28,0.51,1.7,0.08,10.0,24.0,0.9982,3.2,0.89,11.9,6
9.6,0.68,0.24,2.2,0.087,5.0,28.0,0.9988,3.14,0.6,12.7,5
9.3,0.27,0.41,2.0,0.091,6.0,16.0,0.998,3.28,0.7,12.2,5
10.4,0.24,0.49,1.8,0.075,6.0,20.0,0.9977,3.18,1.06,13.5,6
9.6,0.68,0.24,2.2,0.087,5.0,28.0,0.9988,3.14,0.6,12.7,5
9.4,0.685,0.11,2.7,0.077,6.0,31.0,0.9984,3.19,0.7,12.6,6
10.6,0.28,0.39,15.5,0.069,6.0,23.0,1.0026,3.12,0.66,11.7,5
9.4,0.3,0.56,2.8,0.08,6.0,17.0,0.9964,3.15,0.92,14.2,8
10.6,0.36,0.59,2.2,0.152,6.0,18.0,0.9986,3.04,1.05,11.9,5
10.6,0.36,0.6,2.2,0.152,7.0,18.0,0.9986,3.04,1.06,11.9,5
10.6,0.44,0.68,4.1,0.114,6.0,24.0,0.997,3.06,0.66,15.9,6
10.2,0.67,0.39,1.9,0.054,6.0,17.0,0.9976,3.17,0.47,12.5,5
10.2,0.67,0.39,1.9,0.054,6.0,17.0,0.9976,3.17,0.47,12.5,5
10.2,0.645,0.36,1.8,0.053,5.0,14.0,0.9982,3.17,0.42,12.5,6
11.6,0.32,0.55,2.8,0.081,35.0,67.0,1.0002,3.32,0.92,13.3,7
9.3,0.39,0.4,2.6,0.073,10.0,26.0,0.9984,3.34,0.75,12.7,6
9.3,0.775,0.27,2.8,0.078,24.0,56.0,0.9984,3.31,0.67,13.1,6
9.2,0.41,0.5,2.5,0.055,12.0,25.0,0.9952,3.34,0.79,15.8,7
8.9,0.4,0.51,2.6,0.052,13.0,27.0,0.995,3.32,0.9,15.9,7
8.7,0.69,0.31,3.0,0.086,23.0,81.0,1.0002,3.48,0.74,14.1,6
6.5,0.39,0.23,8.3,0.051,28.0,91.0,0.9952,3.44,0.55,14.6,6
10.7,0.35,0.53,2.6,0.07,5.0,16.0,0.9972,3.15,0.65,13.5,8
7.8,0.52,0.25,1.9,0.081,14.0,38.0,0.9984,3.43,0.65,11.5,6
7.2,0.34,0.32,2.5,0.09,43.0,113.0,0.9966,3.32,0.79,13.6,5
10.7,0.35,0.53,2.6,0.07,5.0,16.0,0.9972,3.15,0.65,13.5,8
8.7,0.69,0.31,3.0,0.086,23.0,81.0,1.0002,3.48,0.74,14.1,6
